id;category;title;link
100045194371;Ноутбуки;"Ноутбук MSI GP66 Leopard 11UG-699XRU, 15.6"" black (9S7-154322-699)";https://sbermegamarket.ru/catalog/details/noutbuk-msi-chernyy-9s7-154322-699-100045194371/
100047017122;Ноутбуки;Ноутбук Honor MagicBook 15 (BMH-WDQ9HN);https://sbermegamarket.ru/catalog/details/nb-honor-r5-8-512-gray-bmh-wdq9hn-100047017122/
100033352602;Ноутбуки;Ноутбук Apple MacBook Air 13 M1 GPU 7-Core 2020 8/256GB Space Gray (MGN63);https://sbermegamarket.ru/catalog/details/noutbuk-apple-macbook-air-13-late-2020-space-grey-mgn63ll-a-100033352602/
100032503697;Ноутбуки;Ноутбук Huawei MateBook D 15 BoM-WFQ9 5500U/16+512 Mystic Silver (53013HST);https://sbermegamarket.ru/catalog/details/noutbuk-huawei-matebook-d-15-bom-wfq9-5500u-16512-mystic-silver-serebristyy-53013hst-100032503697/
100038739362;Ноутбуки;Ноутбук Apple MacBook Air 13 M1 GPU 7-Core 2020 8/256GB Gold (MGND3);https://sbermegamarket.ru/catalog/details/noutbuk-apple-macbook-air-13-m1-gpu-7-core-2020-8-256gb-gold-mgnd3-100038739362/
100047346102;Ноутбуки;Ноутбук Acer A315-34-C5XL (NX.HE3EM.00J) Black  (NX.HE3EM.00J);https://sbermegamarket.ru/catalog/details/noutbuk-acer-a315-34-c5xl-nxhe3em00j-black-nxhe3em00j-100047346102/
100036733354;Ноутбуки;Ноутбук Apple MacBook Pro 14 M1 Pro GPU 14-Core 16/512GB Space Gray (MKGP3);https://sbermegamarket.ru/catalog/details/noutbuk-apple-macbook-pro-14-m1-pro-16-512-mkgp3zp-a-gonkong-hk-klaviatura-us-100036733354/
100032503700;Ноутбуки;Ноутбук Huawei MateBook D 15 BOD-WDI9 (53013ERV);https://sbermegamarket.ru/catalog/details/noutbuk-huawei-matebook-d-15-bod-wdi9-8256-mystic-silver-serebristyy-53013erv-100032503700/
100032503695;Ноутбуки;Ноутбук Huawei MateBook D 16 RLEF-X i7-12700H/16+512 Space Grey (53013ESY);https://sbermegamarket.ru/catalog/details/noutbuk-huawei-matebook-d-16-rlef-x-i7-12700h-16512-space-grey-serebristyy-53013esy-100032503695/
100046571562;Ноутбуки;Ноутбук HUAWEI BoD-WDH9 53013ERR Mystic Silver серебристый;https://sbermegamarket.ru/catalog/details/noutbuk-huawei-bod-wdh9-53013err-mystic-silver-serebristyy-100046571562/
100046571556;Ноутбуки;Ноутбук HP 15-dw1212nia 258K3EA серый;https://sbermegamarket.ru/catalog/details/noutbuk-hp-15-dw1212nia-258k3ea-seryy-100046571556/
100033352591;Ноутбуки;Ноутбук Apple MacBook Air 13 M1 GPU 7-Core 2020 8/256GB Silver (MGN93);https://sbermegamarket.ru/catalog/details/noutbuk-apple-macbook-air-13-late-2020-silver-mgn93ll-a-100033352591/
100038308823;Ноутбуки;Ноутбук Apple MacBook Air M2 GPU 8-Core 2022 8/256GB Space Gray (MLXW3);https://sbermegamarket.ru/catalog/details/noutbuk-apple-macbook-air-2022-m2-8-256-mlxw3zp-a-gonkong-hk-100038308823/
100032503696;Ноутбуки;Ноутбук Huawei MateBook D 16 RLEF-X i5-12500H/16+512 Space Grey (53013JHP);https://sbermegamarket.ru/catalog/details/noutbuk-huawei-matebook-d-16-rlef-x-i5-12500h-16512-space-grey-seryy-53013jhp-100032503696/
600009181876;Ноутбуки;Ноутбук Huawei MateBook D15 silver (53013ERT);https://sbermegamarket.ru/catalog/details/noutbuk-huawei-matebook-d15-grey-53013ert-600009181876/
600009390041;Ноутбуки;Ноутбук HP 15-Fa0031dx темно-silver (68U87UA);https://sbermegamarket.ru/catalog/details/noutbuk-hp-15-fa0031dx-temno-silver-68u87ua-600009390041/
100032503698;Ноутбуки;Ноутбук Huawei MateBook D 15 BoM-WDQ9 5500U/8+512 Mystic Silver (53013HSR);https://sbermegamarket.ru/catalog/details/noutbuk-huawei-matebook-d-15-bom-wdq9-5500u-8512-mystic-silver-serebristyy-53013hsr-100032503698/
100032503702;Ноутбуки;Ультрабук Huawei MateBook D 14 NbD-WDI9 Mystic Silver (53013ERK);https://sbermegamarket.ru/catalog/details/ultrabuk-huawei-matebook-d-14-nbd-wdi9-8256-mystic-silver-serebristyy-53013erk-100032503702/
100035364346;Ноутбуки;Ноутбук Apple MacBook Air 13 M2 GPU 8-Core 2022 8/256GB Midnight (MLY33);https://sbermegamarket.ru/catalog/details/noutbuk-apple-macbook-air-2022-m2-8-256-mly33zp-a-gonkong-hk-klaviatura-us-100035364346/
100046571620;Ноутбуки;Ноутбук Thunderobot 911 Plus XD;https://sbermegamarket.ru/catalog/details/noutbuk-thunderobot-911-plus-xd-i5-12450h-16gb-ssd512-rtx3050ti-dos-serebristyy-100046571620/
100030991197;Ноутбуки;Ноутбук Acer Aspire 3 A315-23-R384 Black (NX.HVTER.02R);https://sbermegamarket.ru/catalog/details/noutbuk-acer-aspire-3-a315-23-r384-black-nxhvter02r-100030991197/
100033352595;Ноутбуки;Ноутбук Apple MacBook Pro 13 M2 GPU 10-Core 2022 8/256GB Space Gray (MNEH3);https://sbermegamarket.ru/catalog/details/noutbuk-apple-macbook-pro-13-2022-space-grey-mneh3zp-a-100033352595/
600009631277;Ноутбуки;Ноутбук Acer Nitro 5 AN515-45 Black (NH.QB9ER.004);https://sbermegamarket.ru/catalog/details/noutbuk-acer-nhqb9er004-chernyy-nhqb9er004-600009631277/
100032503701;Ноутбуки;Ноутбук Huawei MateBook D 14 NbD-WDH9 8+512 Mystic Silver (53013ERM);https://sbermegamarket.ru/catalog/details/noutbuk-huawei-matebook-d-14-nbd-wdh9-8512-mystic-silver-serebristyy-53013erm-100032503701/
100036733374;Ноутбуки страница 2;Ноутбук Lenovo IdeaPad 3 Grey (82HL005VRK);https://sbermegamarket.ru/catalog/details/noutbuk-lenovo-ideapad-3-ideapad-3-seryy-82hl005vrk-100036733374/
100038739363;Ноутбуки страница 2;Ноутбук Apple MacBook Pro 14 M1 Pro GPU 14-Core 16/512GB Silver (MKGR3);https://sbermegamarket.ru/catalog/details/noutbuk-apple-macbook-pro-14-m1-pro-gpu-14-core-16-512gb-silver-mkgr3-100038739363/
100035364345;Ноутбуки страница 2;Ноутбук Apple MacBook Air 13 M2 GPU 8-Core 2022 8/256GB Starlight (MLY13);https://sbermegamarket.ru/catalog/details/noutbuk-apple-macbook-air-2022-m2-8-256-mly13zp-a-gonkong-hk-klaviatura-us-100035364345/
100027027518;Ноутбуки страница 2;Ноутбук Lenovo IdeaPad 3 15IIL05 (81WE007GRK);https://sbermegamarket.ru/catalog/details/noutbuk-lenovo-ip3-15iil05-grey-100027027518/
100038739364;Ноутбуки страница 2;Ноутбук Apple MacBook Air 13 M2 GPU 10-Core 2022 8/512GB Space Gray (MLXX3);https://sbermegamarket.ru/catalog/details/noutbuk-apple-macbook-air-13-m2-gpu-10-core-2022-8-512gb-space-gray-mlxx3-100038739364/
100032294063;Ноутбуки страница 2;Ноутбук Thunderobot 911 Air D Black (JT0098E06RU);https://sbermegamarket.ru/catalog/details/noutbuk-thunderobot-911-air-d-black-jt0098e06ru-100032294063/
100046571619;Ноутбуки страница 2;Ноутбук Thunderobot 911 MT Pro D (i5-12450H/16GB/SSD512/RTX3060/DOS) серый;https://sbermegamarket.ru/catalog/details/noutbuk-thunderobot-911-mt-pro-d-i5-12450h-16gb-ssd512-rtx3060-dos-seryy-100046571619/
100033042693;Ноутбуки страница 2;Ультрабук Chuwi Corebook X Grey (Core i3/8/512);https://sbermegamarket.ru/catalog/details/ultrabuk-chuwi-corebook-x-seryy-core-i3-8-512-100033042693/
100046571573;Ноутбуки страница 2;Ноутбук Lenovo IdeaPad 3 15IGL05 81WQ007KUE серый;https://sbermegamarket.ru/catalog/details/noutbuk-lenovo-ideapad-3-15igl05-81wq007kue-seryy-100046571573/
600009051347;Ноутбуки страница 2;Ноутбук HP 15-DW3170 черный (4D4K8EA);https://sbermegamarket.ru/catalog/details/noutbuk-hp-15-dw3170-chernyy-4d4k8ea-600009051347/
100029404089;Ноутбуки страница 2;Ноутбук IRBIS NB656;https://sbermegamarket.ru/catalog/details/noutbuk-irbis-nb656-100029404089/
100033042692;Ноутбуки страница 2;Ультрабук Chuwi Corebook X Grey (Core i3/8/256);https://sbermegamarket.ru/catalog/details/ultrabuk-chuwi-corebook-x-seryy-core-i3-8-256-100033042692/
100042073950;Ноутбуки страница 2;Игровой ноутбук MSI White (9S7-158333-487);https://sbermegamarket.ru/catalog/details/igrovoy-noutbuk-msi-white-9s7-158333-487-100042073950/
100045315196;Ноутбуки страница 2;Ноутбук Maibenben M547 Silver (M5471SA0LSRE0);https://sbermegamarket.ru/catalog/details/maibenben-m5471sa0lsre0-m5471sa0lsre0-100045315196/
100039609346;Ноутбуки страница 2;Ноутбук Apple MacBook Air 13 M2 GPU 8-Core 2022 8/256GB Silver (MLXY3);https://sbermegamarket.ru/catalog/details/noutbuk-apple-macbook-air-13-m2-gpu-8-core-2022-8-256gb-silver-mlxy3-100039609346/
100030991206;Ноутбуки страница 2;Ноутбук Acer Aspire 3 A315-34 Black (1362806);https://sbermegamarket.ru/catalog/details/noutbuk-acer-aspire-3-a315-34-black-1362806-100030991206/
100039609352;Ноутбуки страница 2;Ноутбук Apple MacBook Pro 16 M1 Pro GPU 16-Core 16/512GB Space gray (MK183);https://sbermegamarket.ru/catalog/details/noutbuk-apple-macbook-pro-16-m1-pro-gpu-16-core-16-512gb-space-gray-mk183-100039609352/
100029399850;Ноутбуки страница 2;Ноутбук Irbis NB264 (NB264);https://sbermegamarket.ru/catalog/details/noutbuk-irbis-nb264-nb264-100029399850/
100032503699;Ноутбуки страница 2;Ноутбук Huawei MateBook D 15 BOD-WDI9 8+256 Space Grey (53013GHC);https://sbermegamarket.ru/catalog/details/noutbuk-huawei-matebook-d-15-bod-wdi9-8256-space-grey-serebristyy-53013ghc-100032503699/
100044896625;Ноутбуки страница 2;Ноутбук Huawei MateBook X Pro 53013GC;https://sbermegamarket.ru/catalog/details/noutbuk-huawei-matebook-x-pro-53013gc-intel-core-i7-1260p-24ghz-16384mb-1tb-ssd-intel-ir-100044896625/
100046571565;Ноутбуки страница 2;Ноутбук HUAWEI MateBook 16S CREF-X (53013DSU) серый;https://sbermegamarket.ru/catalog/details/noutbuk-huawei-matebook-16s-cref-x-53013dsu-seryy-100046571565/
100046250367;Ноутбуки страница 2;Ноутбук MSI Bravo 15 B5DD-415XRU Black (9S7-158K12-415);https://sbermegamarket.ru/catalog/details/noutbuk-msi-bravo-15-b5dd-415xru-black-9s7-158k12-415-100046250367/
100046571594;Ноутбуки страница 2;Ноутбук Lenovo V15 G2 ALC 82KD008NUK черный;https://sbermegamarket.ru/catalog/details/noutbuk-lenovo-v15-g2-alc-82kd008nuk-chernyy-100046571594/
100039609350;Ноутбуки страница 2;Ноутбук Apple MacBook Pro 16 M1 Pro GPU 16-Core 16/1Tb Silver (MK1F3);https://sbermegamarket.ru/catalog/details/noutbuk-apple-macbook-pro-16-m1-pro-gpu-16-core-16-1tb-silver-mk1f3-100039609350/
100038739366;Ноутбуки страница 3;Ноутбук Apple MacBook Air 13 M2 GPU 10-Core 2022 8/512GB Midnight (MLY43);https://sbermegamarket.ru/catalog/details/noutbuk-apple-macbook-air-13-m2-gpu-10-core-2022-8-512gb-midnight-mly43-100038739366/
100046571566;Ноутбуки страница 3;Ноутбук HUAWEI MateBook X Pro MRGF-X (53013GCT) Blue;https://sbermegamarket.ru/catalog/details/noutbuk-huawei-matebook-x-pro-mrgf-x-53013gct-belyy-100046571566/
600008552874;Ноутбуки страница 3;Ноутбук Chuwi Corebook Xpro 15.6 grey (888822);https://sbermegamarket.ru/catalog/details/noutbuk-chuwi-corebook-xpro-156-grey-888822-600008552874/
600009716585;Ноутбуки страница 3;Ноутбук Lenovo IdeaPad 3 15ALC6 серый (82KU009XRK);https://sbermegamarket.ru/catalog/details/noutbuk-lenovo-ideapad-3-15alc6-seryy-82ku009xrk-600009716585/
100039609351;Ноутбуки страница 3;Ноутбук Apple MacBook Pro 16 M1 Pro GPU 16-Core 16/1Tb Space gray (MK193);https://sbermegamarket.ru/catalog/details/noutbuk-apple-macbook-pro-16-m1-pro-gpu-16-core-16-1tb-space-gray-mk193-100039609351/
600005266399;Ноутбуки страница 3;Ноутбук Huawei MateBook B3-510 Gray (53012JEG);https://sbermegamarket.ru/catalog/details/noutbuk-huawei-matebook-b3-510-gray-53012jeg-600005266399/
100045185404;Ноутбуки страница 3;Ноутбук Lenovo IdeaPad 3 15IGL05/81WQ0024AK серый;https://sbermegamarket.ru/catalog/details/noutbuk-lenovo-ideapad-3-15igl05-81wq0024ak-seryy-100045185404/
100028440889;Ноутбуки страница 3;Ноутбук Honor MagicBook X15 8+512GB Space Gray (BBR-WAH9)/(53011UGG-001);https://sbermegamarket.ru/catalog/details/noutbuk-honor-magicbook-x15-8512gb-space-gray-bbr-wah9-53011ugg-001-100028440889/
100045443494;Ноутбуки страница 3;Ноутбук MSI MSI Modern серый (9S7-14DL24-244);https://sbermegamarket.ru/catalog/details/noutbuk-msi-msi-modern-seryy-9s7-14dl24-244-100045443494/
600009241547;Ноутбуки страница 3;Ноутбук Lenovo Ideapad 3 grey (81W0004FUK);https://sbermegamarket.ru/catalog/details/noutbuk-lenovo-ideapad-3-grey-81w0004fuk-600009241547/
600009568313;Ноутбуки страница 3;Ноутбук MSI A11MU-1064XRU gray (9s7-155266-1064);https://sbermegamarket.ru/catalog/details/noutbuk-msi-a11mu-1064xru-seryy-9s7-155266-1064-600009568313/
100046571559;Ноутбуки страница 3;Ноутбук HP 250 G7 197V0EA серый;https://sbermegamarket.ru/catalog/details/noutbuk-hp-250-g7-197v0ea-seryy-100046571559/
100032098078;Ноутбуки страница 3;Ноутбук DIGMA 14 C420 (ET4066EW);https://sbermegamarket.ru/catalog/details/noutbuk-digma-14-c420-et4066ew-100032098078/
100038739358;Ноутбуки страница 3;Ноутбук Apple MacBook Pro 16 M1 Pro GPU 16-Core 16/512GB Silver (MK1E3);https://sbermegamarket.ru/catalog/details/noutbuk-apple-macbook-pro-16-m1-pro-gpu-16-core-16-512gb-silver-mk1e3-100038739358/
100039609348;Ноутбуки страница 3;Ноутбук Apple MacBook Pro 16 M1 Max GPU 32-Core 32/1Tb Silver (MK1H3);https://sbermegamarket.ru/catalog/details/noutbuk-apple-macbook-pro-16-m1-max-gpu-32-core-32-1tb-silver-mk1h3-100039609348/
100047346095;Ноутбуки страница 3;Ноутбук Acer Nitro 5 AN515-57 Black (NH.QBWER.005);https://sbermegamarket.ru/catalog/details/noutbuk-acer-black-nhqbwer005-100047346095/
100048288522;Ноутбуки страница 3;Ноутбук ASUS A516JP-EJ461 серебристый (90NB0SS2-M005Y0);https://sbermegamarket.ru/catalog/details/noutbuk-asus-a516jp-ej461-serebristyy-90nb0ss2-m005y0-100048288522/
100030532683;Ноутбуки страница 3;Ультрабук Honor MagicBook X14 NBR-WAH9 Silver (5301ABDQ);https://sbermegamarket.ru/catalog/details/ultrabuk-honor-magicbook-x14-nbr-wah9-silver-5301abdq-100030532683/
100033352596;Ноутбуки страница 3;Ноутбук Apple MacBook Pro 13 M2 GPU 10-Core 2022 8/256GB Silver (MNEP3);https://sbermegamarket.ru/catalog/details/noutbuk-apple-macbook-pro-13-2022-silver-mnep3zp-a-100033352596/
100047017125;Ноутбуки страница 3;NB Honor R5/16/512 Grey (HYM-W56);https://sbermegamarket.ru/catalog/details/nb-honor-r5-16-512-grey-hym-w56-100047017125/
100028447719;Ноутбуки страница 3;Ноутбук Lenovo IdeaPad 3 15ADA05 Grey (81W1006URU);https://sbermegamarket.ru/catalog/details/noutbuk-lenovo-ideapad-3-15ada05-grey-81w1006uru-100028447719/
100039609349;Ноутбуки страница 3;Ноутбук Apple MacBook Pro 16 M1 Max GPU 32-Core 32/1Tb Space gray (MK1A3);https://sbermegamarket.ru/catalog/details/noutbuk-apple-macbook-pro-16-m1-max-gpu-32-core-32-1tb-space-gray-mk1a3-100039609349/
100046571596;Ноутбуки страница 3;Ноутбук Lenovo V15 G2 ITL 82KB00N5UK черный;https://sbermegamarket.ru/catalog/details/noutbuk-lenovo-v15-g2-itl-82kb00n5uk-chernyy-100046571596/
100046662028;Ноутбуки страница 3;Ноутбук DIGMA 14 C414 черный (NCN144BXW03);https://sbermegamarket.ru/catalog/details/noutbuk-digma-14-c414-chernyy-ncn144bxw03-100046662028/
100030019412;Ноутбуки страница 4;Ноутбук ASUS X515EA-BQ1461W (90NB0TY1-M25480);https://sbermegamarket.ru/catalog/details/noutbuk-asus-x515ea-bq1461w-90nb0ty1-m25480-100030019412/
100039609347;Ноутбуки страница 4;Ноутбук Apple MacBook Pro 14 M1 Pro GPU 16-Core 16/1Tb Space gray (MKGQ3);https://sbermegamarket.ru/catalog/details/noutbuk-apple-macbook-pro-14-m1-pro-gpu-16-core-16-1tb-space-gray-mkgq3-100039609347/
100047345914;Ноутбуки страница 4;Ноутбук Lenovo ThinkPad E15 Gen 4 Black  (21E6008UUE);https://sbermegamarket.ru/catalog/details/noutbuk-lenovo-thinkpad-e15-gen-4-21e6008uue-black-21e6008uue-100047345914/
100033042690;Ноутбуки страница 4;Ультрабук Chuwi Corebook X Grey (Core i3/16/512);https://sbermegamarket.ru/catalog/details/ultrabuk-chuwi-corebook-x-seryy-core-i3-16-512-100033042690/
100035364347;Ноутбуки страница 4;Ноутбук Apple MacBook Pro 13 M2 GPU 10-Core 2022 8/512GB Silver (MNEQ3);https://sbermegamarket.ru/catalog/details/noutbuk-apple-macbook-pro-13-2022-m2-8-512-mneq3zp-a-gonkong-hk-klaviatura-us-100035364347/
100027581487;Ноутбуки страница 4;Ноутбук Apple MacBook Air 2020 M1/8GB/256GB Gold (MGND3RU/A);https://sbermegamarket.ru/catalog/details/noutbuk-apple-macbook-air-2020-m1-8gb-256gb-gold-mgnd3ru-a-100027581487/
100029004491;Ноутбуки страница 4;Ноутбук-трансформер Irbis NB121;https://sbermegamarket.ru/catalog/details/noutbuk-transformer-irbis-nb121-100029004491/
100039651377;Ноутбуки страница 4;Ноутбук DIGMA EVE 14 14 C414 темно-Grey (ES4060EW);https://sbermegamarket.ru/catalog/details/noutbuk-digma-eve-14-c414-141-ips-intel-celeron-n4020-11ggc-4gb-64gb-emmc-int-100039651377/
100046571622;Ноутбуки страница 4;Ноутбук Xiaomi RedmiBook 15 JYU4525RU серый;https://sbermegamarket.ru/catalog/details/noutbuk-xiaomi-redmibook-15-jyu4525ru-seryy-100046571622/
100046937690;Ноутбуки страница 4;Ноутбук Digma NCN158CXW03 Black (NCN158CXW03);https://sbermegamarket.ru/catalog/details/noutbuk-digma-ncn158cxw03-black-ncn158cxw03-100046937690/
100047780919;Ноутбуки страница 4;Ноутбук Lenovo 14ITL6 Black (82H700L2RE);https://sbermegamarket.ru/catalog/details/noutbuk-lenovo-14itl6-chernyy-82h700l2re-100047780919/
600006679182;Ноутбуки страница 4;Ноутбук Acer Extensa 15 EX215-31-P0HL (NX.EFTER.015);https://sbermegamarket.ru/catalog/details/noutbuk-acer-extensa-15-ex215-31-p0hl-nxefter015-600006679182/
100028147672;Ноутбуки страница 4;Ноутбук Irbis NB71;https://sbermegamarket.ru/catalog/details/noutbuk-irbis-nb71-100028147672/
100036733350;Ноутбуки страница 4;Ноутбук Apple MacBook Pro 14 M1 Pro GPU 16-Core 16/1Tb Silver (MKGT3);https://sbermegamarket.ru/catalog/details/noutbuk-apple-macbook-pro-14-m1-pro-16-1tb-mkgt3fn-a-indoneziya-id-klaviatura-us-100036733350/
100044105434;Ноутбуки страница 4;Ноутбук Realme RMNB1002 Blue (6660305);https://sbermegamarket.ru/catalog/details/noutbuk-realme-siniy-6660305-100044105434/
100044621695;Ноутбуки страница 4;Ноутбук HP 15-dw1006ny серебристый (4C8L1EA);https://sbermegamarket.ru/catalog/details/noutbuk-hp-15-dw1006ny-serebristyy-4c8l1ea-100044621695/
100045185399;Ноутбуки страница 4;Ноутбук Huawei MateBook 16S CREF-X (53013DRK) серый (53013DRK);https://sbermegamarket.ru/catalog/details/noutbuk-huawei-matebook-16s-cref-x-53013drk-seryy-53013drk-100045185399/
100047499392;Ноутбуки страница 4;Ноутбук Huawei KLVL-W56W серый (53013MNG);https://sbermegamarket.ru/catalog/details/noutbuk-huawei-klvl-w56w-seryy-53013mng-100047499392/
600005161748;Ноутбуки страница 4;Игровой ноутбук MSI GF63 Thin 11UC-216RU Black (9S7-16R612-216);https://sbermegamarket.ru/catalog/details/noutbuk-msi-gf63-thin-11uc-216ru-black-9s7-16r612-216-600005161748/
600009644588;Ноутбуки страница 4;Ноутбук Chuwi CWI529-308N5N1HDNXX серый (CWI529-308N5N1HDNXX);https://sbermegamarket.ru/catalog/details/noutbuk-chuwi-cwi529-308n5n1hdnxx-seryy-cwi529-308n5n1hdnxx-600009644588/
100028879068;Ноутбуки страница 4;Ноутбук Lenovo IdeaPad 3 17ITL6 (82H9003DRK);https://sbermegamarket.ru/catalog/details/noutbuk-lenovo-ideapad-3-17itl6-82h9003drk-100028879068/
100030352168;Ноутбуки страница 4;Ультрабук Huawei MateBook E DRC-W56 (53012TWP);https://sbermegamarket.ru/catalog/details/ultrabuk-huawei-matebook-e-drc-w56-53012twp-100030352168/
100030991237;Ноутбуки страница 4;Ноутбук-трансформер Acer Spin 1 SP114-31 (NX.ABWER.005);https://sbermegamarket.ru/catalog/details/noutbuk-transformer-acer-spin-1-sp114-31-nxabwer005-100030991237/
100035364348;Ноутбуки страница 4;Ноутбук Apple MacBook Pro 13 M2 GPU 10-Core 2022 8/512GB Space Gray (MNEJ3);https://sbermegamarket.ru/catalog/details/noutbuk-apple-macbook-pro-13-2022-m2-8-512-mnej3zp-a-gonkong-hk-klaviatura-us-100035364348/
100038739365;Ноутбуки страница 5;Ноутбук Apple MacBook Air 13 M2 GPU 10-Core 2022 8/512GB Starlight (MLY23);https://sbermegamarket.ru/catalog/details/noutbuk-apple-macbook-air-13-m2-gpu-10-core-2022-8-512gb-starlight-mly23-100038739365/
100039609345;Ноутбуки страница 5;Ноутбук Apple MacBook Air 13 M2 GPU 10-Core 2022 8/512GB Silver (MLY03);https://sbermegamarket.ru/catalog/details/noutbuk-apple-macbook-air-13-m2-gpu-10-core-2022-8-512gb-silver-mly03-100039609345/
100043089699;Ноутбуки страница 5;Ноутбук Lenovo V14-ADA Grey (82C6S032EU);https://sbermegamarket.ru/catalog/details/noutbuk-lenovo-82c6s032eu-100043089699/
100044896678;Ноутбуки страница 5;Ноутбук Huawei MateBook X Pro 53013MER белый (53013MER);https://sbermegamarket.ru/catalog/details/noutbuk-huawei-matebook-x-pro-53013mer-intel-core-i7-1260p-24ghz-16384mb-1tb-ssd-intel-i-100044896678/
100046571564;Ноутбуки страница 5;Ноутбук HUAWEI MateBook 14S HKF-X 53013EDV Space Gray серый;https://sbermegamarket.ru/catalog/details/noutbuk-huawei-matebook-14s-hkf-x-53013edv-space-gray-seryy-100046571564/
100047345968;Ноутбуки страница 5;Ноутбук Lenovo IdeaPad 5 15ITL05 (82FG0165US) Gray (82FG0165US);https://sbermegamarket.ru/catalog/details/noutbuk-lenovo-ideapad-5-15itl05-82fg0165us-gray-82fg0165us-100047345968/
100027581490;Ноутбуки страница 5;Ноутбук Apple MacBook Pro 2020 M1/8GB/512GB Space Gray (MYD92RU/A);https://sbermegamarket.ru/catalog/details/noutbuk-apple-macbook-pro-2020-m1-8gb-512gb-space-gray-myd92ru-a-100027581490/
100027796751;Ноутбуки страница 5;Ноутбук Acer Extensa 15 EX215-22-A2DW Black (NX.EG9ER.00B);https://sbermegamarket.ru/catalog/details/noutbuk-acer-extensa-15-ex215-22-a2dw-black-nxeg9er00b-100027796751/
100028053332;Ноутбуки страница 5;Ноутбук Irbis NB64 Black (NB64);https://sbermegamarket.ru/catalog/details/noutbuk-irbis-nb64-black-nb64-100028053332/
100028097182;Ноутбуки страница 5;Ноутбук Lenovo ThinkBook 15p IMH Gray (20V3000KRU);https://sbermegamarket.ru/catalog/details/noutbuk-lenovo-thinkbook-15p-imh-gray-20v3000kru-100028097182/
100028302967;Ноутбуки страница 5;Ноутбук Digma EVE 11 C408 (ES2055EW);https://sbermegamarket.ru/catalog/details/noutbuk-digma-eve-11-c408-es2055ew-100028302967/
100030124677;Ноутбуки страница 5;Ноутбук Honor HYM-W56 Gr;https://sbermegamarket.ru/catalog/details/noutbuk-honor-magicbook-16-r5-16-512-grey-hym-w56-5301abcm-100030124677/
100030714857;Ноутбуки страница 5;Игровой ноутбук MSI Pulse GL76 12UEK-088XRU Black (9S7-17L314-088);https://sbermegamarket.ru/catalog/details/igrovoy-noutbuk-msi-pulse-gl76-12uek-088xru-black-9s7-17l314-088-100030714857/
100030991215;Ноутбуки страница 5;Ноутбук Acer Aspire 3 A315-56 (NX.HS5ER.02B) Black (1360041);https://sbermegamarket.ru/catalog/details/noutbuk-acer-aspire-3-a315-56-nxhs5er02b-chernyy-1360041-100030991215/
100031169742;Ноутбуки страница 5;Ноутбук-трансформер Lenovo IdeaPad Flex 5 14ITL05 Gray (82HS00K8RU);https://sbermegamarket.ru/catalog/details/noutbuk-transformer-lenovo-ideapad-flex-5-14itl05-gray-82hs00k8ru-100031169742/
100045291518;Ноутбуки страница 5;Ноутбук ASUS A571GT-HN1104 Star Black черный;https://sbermegamarket.ru/catalog/details/i-nb-asus-a571gt-hn1104-bl-100045291518/
100046571557;Ноутбуки страница 5;Ноутбук HP 15-dw3212nia 4H593EA черный;https://sbermegamarket.ru/catalog/details/noutbuk-hp-15-dw3212nia-4h593ea-chernyy-100046571557/
100046571623;Ноутбуки страница 5;Ноутбук Xiaomi RedmiBook 15 JYU4532RU серебристый;https://sbermegamarket.ru/catalog/details/noutbuk-xiaomi-redmibook-15-jyu4532ru-serebristyy-100046571623/
100047345971;Ноутбуки страница 5;Ноутбук Lenovo Legion 5 15ITH6 (82JK00B9US) синий (82JK00B9US);https://sbermegamarket.ru/catalog/details/noutbuk-lenovo-legion-5-15ith6-82jk00b9us-siniy-82jk00b9us-100047345971/
100047638248;Ноутбуки страница 5;Ноутбук ASUS Vivobook 16X M1603QA-MB071 (M1603QA-MB071);https://sbermegamarket.ru/catalog/details/noutbuk-asus-vivobook-16x-m1603qa-mb071-m1603qa-mb071-100047638248/
600005161747;Ноутбуки страница 5;Игровой ноутбук MSI GF63 Thin 11UD-222XRU Black (9S7-16R612-222);https://sbermegamarket.ru/catalog/details/noutbuk-msi-gf63-thin-11ud-222xru-black-9s7-16r612-222-600005161747/
600008089249;Ноутбуки страница 5;Ноутбук IRBIS NB286 черный (NB286);https://sbermegamarket.ru/catalog/details/noutbuk-irbis-nb286-chernyy-nb286-600008089249/
600009221057;Ноутбуки страница 5;Ноутбук Samsung Galaxy Book2 Pro 360 15 grey (NP950QED-KA1HK);https://sbermegamarket.ru/catalog/details/noutbuk-samsung-galaxy-book2-pro-360-15-grey-np950qed-ka1hk-600009221057/
600009701855;Ноутбуки страница 5;Ноутбук Tecno TECNO T1 серый (TCN-T1I3L12.256.GR);https://sbermegamarket.ru/catalog/details/noutbuk-tecno-tecno-t1-seryy-tcn-t1i3l12256gr-600009701855/
600009716125;Ноутбуки страница 6; Lenovo IdeaPad 3 15IGL05 (81WQ0088RU);https://sbermegamarket.ru/catalog/details/lenovo-ideapad-3-15igl05-81wq0088ru-600009716125/
100028934886;Ноутбуки страница 6;Ноутбук Irbis NB250 (NB250);https://sbermegamarket.ru/catalog/details/noutbuk-irbis-nb250-nb250-100028934886/
100028934908;Ноутбуки страница 6;Ноутбук игровой Lenovo IdeaPad Gaming 3 15IMH05 (81Y40173RU);https://sbermegamarket.ru/catalog/details/noutbuk-igrovoy-lenovo-ideapad-gaming-3-15imh05-81y40173ru-100028934908/
100029404040;Ноутбуки страница 6;Ноутбук ASUS TUF Gaming FX506HCB-HN1138 (90NR0723-M04800);https://sbermegamarket.ru/catalog/details/noutbuk-asus-tuf-gaming-fx506hcb-hn1138-90nr0723-m04800-100029404040/
100029693694;Ноутбуки страница 6;Ноутбук Dell G15 5511 (G515-0259);https://sbermegamarket.ru/catalog/details/noutbuk-dell-g15-5511-g515-0259-100029693694/
100030532685;Ноутбуки страница 6;Ноутбук HP 15s-fq 15s-fq0094ur Gray (669X9EA);https://sbermegamarket.ru/catalog/details/noutbuk-hp-15s-fq-15s-fq0094ur-gray-669x9ea-100030532685/
100030991198;Ноутбуки страница 6;Ноутбук ASUS R565 R565JF-BR367 Gray (90NB0SW2-M000A0);https://sbermegamarket.ru/catalog/details/noutbuk-asus-r565-r565jf-br367-gray-90nb0sw2-m000a0-100030991198/
100044105437;Ноутбуки страница 6;"Ноутбук Realme Book Prime 14"" Core i5/16ГБ/512ГБ SSD/Iris Xe/Win 11 Home (6660091)";https://sbermegamarket.ru/catalog/details/noutbuk-realme-silver-6660091-100044105437/
100045185394;Ноутбуки страница 6;Ноутбук HP 15s-eq2019nia Black;https://sbermegamarket.ru/catalog/details/noutbuk-hp-15s-eq2019nia-chernyy-100045185394/
100046571545;Ноутбуки страница 6;Ноутбук ASUS E410MA-TB.CL464BK синий;https://sbermegamarket.ru/catalog/details/noutbuk-asus-e410ma-tbcl464bk-siniy-100046571545/
100046571558;Ноутбуки страница 6;Ноутбук HP 240 G7 2V0E3ES черный;https://sbermegamarket.ru/catalog/details/noutbuk-hp-240-g7-2v0e3es-chernyy-100046571558/
100046571563;Ноутбуки страница 6;Ноутбук HUAWEI MateBook 14S HKF-X 53013ECN Gr серый;https://sbermegamarket.ru/catalog/details/noutbuk-huawei-matebook-14s-hkf-x-53013ecn-gr-seryy-100046571563/
600005265748;Ноутбуки страница 6;Ноутбук MSI GF63 Thin 11UC-219XRU Black (9S7-16R612-219);https://sbermegamarket.ru/catalog/details/noutbuk-msi-gf63-thin-11uc-219xru-black-9s7-16r612-219-600005265748/
600006657571;Ноутбуки страница 6;Нeтбук Digma EVE 15 P417 black (ES5063EW);https://sbermegamarket.ru/catalog/details/netbuk-digma-eve-15-p417-black-es5063ew-600006657571/
600007369478;Ноутбуки страница 6;Ноутбук IRBIS NB288 black;https://sbermegamarket.ru/catalog/details/noutbuk-irbis-nb288-black-600007369478/
600008553157;Ноутбуки страница 6;Ноутбук Chuwi Corebook Xpro 15.6 grey (100022);https://sbermegamarket.ru/catalog/details/noutbuk-chuwi-corebook-xpro-156-grey-100022-600008553157/
600009701859;Ноутбуки страница 6; Tecno TECNO T1 (TCN-T1I5L16.512.GR);https://sbermegamarket.ru/catalog/details/tecno-tecno-t1-tcn-t1i5l16512gr-600009701859/
100027581483;Ноутбуки страница 6;Ноутбук Apple MacBook Air 2020 M1/8GB/256GB Space Gray (MGN63RU/A);https://sbermegamarket.ru/catalog/details/noutbuk-apple-macbook-air-2020-m1-8gb-256gb-space-gray-mgn63ru-a-100027581483/
100028302966;Ноутбуки страница 6;Ноутбук Digma EVE 10 A200 (ES1052EW);https://sbermegamarket.ru/catalog/details/noutbuk-digma-eve-10-a200-es1052ew-100028302966/
100029544863;Ноутбуки страница 6;Ноутбук Apple MacBook Pro 16 M1 Pro/16Gb/1Tb (MK193RU/A);https://sbermegamarket.ru/catalog/details/noutbuk-apple-macbook-pro-16-m1-pro-16gb-1tb-mk193ru-a-100029544863/
100029544864;Ноутбуки страница 6;Ноутбук Apple MacBook Pro 16 M1 Pro/16Gb/512Gb (MK183RU/A);https://sbermegamarket.ru/catalog/details/noutbuk-apple-macbook-pro-16-m1-pro-16gb-512tb-mk183ru-a-100029544864/
100029544866;Ноутбуки страница 6;Ноутбук Apple MacBook Pro 16 M1 Pro/16Gb/1Tb (MK1F3RU/A);https://sbermegamarket.ru/catalog/details/noutbuk-apple-macbook-pro-16-m1-pro-16gb-1tb-mk1f3ru-a-100029544866/
100029862250;Ноутбуки страница 6;Ноутбук Acer Aspire 3 A314-22-R632 (NX.HVVER.015);https://sbermegamarket.ru/catalog/details/noutbuk-acer-aspire-3-a314-22-r632-nxhvver015-100029862250/
100031805418;Ноутбуки страница 6;Ноутбук Asus Vivobook Go 14 E410MA-EK1437W 90NB0Q15-M40370 Black;https://sbermegamarket.ru/catalog/details/noutbuk-asus-vivobook-go-14-e410ma-ek1437w-90nb0q15-m40370-black-100031805418/
100031805558;Ноутбуки страница 7;Ноутбук Asus Vivobook Pro 14 K3400PH-KM108W (90NB0UX2-M02430) Blue;https://sbermegamarket.ru/catalog/details/noutbuk-asus-vivobook-pro-14-k3400ph-km108w-90nb0ux2-m02430-blue-100031805558/
100031805700;Ноутбуки страница 7;Игровой ноутбук Lenovo Gaming 3 IP 15IHU6 82K100Y6RU Black;https://sbermegamarket.ru/catalog/details/igrovoy-noutbuk-lenovo-gaming-3-ip-15ihu6-82k100y6ru-black-100031805700/
100039651382;Ноутбуки страница 7;Ноутбук MSI GF63 Thin 11SC-623RU Black;https://sbermegamarket.ru/catalog/details/noutbuk-msi-gf63-thin-11sc-623ru-156-ips-intel-core-i5-11400h-27ggc-8gb-256gb-s-100039651382/
100045185395;Ноутбуки страница 7;Ноутбук HP 15-dw3682nia черный;https://sbermegamarket.ru/catalog/details/noutbuk-hp-15-dw3682nia-chernyy-100045185395/
100045308514;Ноутбуки страница 7;Ноутбук Digma EVE 15 C423 Grey (DN15R5-8CXW03);https://sbermegamarket.ru/catalog/details/digma-15-c423-dn15r5-8cxw03-100045308514/
100045308534;Ноутбуки страница 7;Ноутбук MSI Creator Z16 A12UET-064RU Grey (9S7-157211-064);https://sbermegamarket.ru/catalog/details/msi-creator-z16-a12uet-064ru-9s7-157211-064-100045308534/
100046571568;Ноутбуки страница 7;Ноутбук Lenovo IdeaPad 3 14ALC6 82KT00GVUS синий;https://sbermegamarket.ru/catalog/details/noutbuk-lenovo-ideapad-3-14alc6-82kt00gvus-siniy-100046571568/
100047017124;Ноутбуки страница 7;NB Honor R5/16/512 Silver (HYM-W56);https://sbermegamarket.ru/catalog/details/nb-honor-r5-16-512-silver-hym-w56-100047017124/
100047345912;Ноутбуки страница 7;Ноутбук Lenovo ThinkPad E14 Gen 4 21E3003RUE Black  (21E3003RUE);https://sbermegamarket.ru/catalog/details/noutbuk-lenovo-thinkpad-e14-gen-4-21e3003rue-black-21e3003rue-100047345912/
600008433492;Ноутбуки страница 7;Ноутбук Acer Predator Helios PH317-55-54AM black (NH.QB6ER.008);https://sbermegamarket.ru/catalog/details/noutbuk-acer-predator-helios-ph317-55-54am-black-nhqb6er008-600008433492/
600009221016;Ноутбуки страница 7;Ноутбук Samsung Galaxy Book2 Pro 360 13 grey (NP930QED-KA1HK);https://sbermegamarket.ru/catalog/details/noutbuk-samsung-galaxy-book2-pro-360-13-grey-np930qed-ka1hk-600009221016/
600009708768;Ноутбуки страница 7;Ноутбук Lenovo 82SA00DLRK серый (82SA00DLRK);https://sbermegamarket.ru/catalog/details/noutbuk-lenovo-82sa00dlrk-seryy-82sa00dlrk-600009708768/
100028661982;Ноутбуки страница 7;Ноутбук Lenovo IdeaPad 3 14ADA05 (81W000KNRU);https://sbermegamarket.ru/catalog/details/noutbuk-lenovo-ideapad-3-14ada05-81w000knru-100028661982/
100029262206;Ноутбуки страница 7;Ноутбук-трансформер DIGMA EVE 11 C421Y Cel N4020 (ES1067EW);https://sbermegamarket.ru/catalog/details/noutbuk-transformer-digma-eve-11-c421y-cel-n4020-es1067ew-100029262206/
100033042687;Ноутбуки страница 7;Ноутбук Acer Aspire 1 A115-32-P123 серебристый (NX.A6MER.004);https://sbermegamarket.ru/catalog/details/noutbuk-acer-aspire-1-a115-32-p123-156-intel-pentium-silver-n6000-11ggc-8gb-128g-100033042687/
100037756276;Ноутбуки страница 7;Ноутбук AppleMacBook Pro 14 Late 2021 (2021) M1 Pro /16GB/4096GB SSD (Z15G000D9);https://sbermegamarket.ru/catalog/details/noutbuk-apple-macbook-pro-14-late-2021-z15h-2-space-gray-z15g000d9-ru-a-apple-m1-pro-10-100037756276/
100038739360;Ноутбуки страница 7;Ноутбук Apple MacBook Pro 13 M1 GPU 8-Core 2020 8/256GB Space Gray (MYD82);https://sbermegamarket.ru/catalog/details/noutbuk-apple-macbook-pro-13-m1-gpu-8-core-2020-8-256gb-space-gray-myd82-100038739360/
100044573190;Ноутбуки страница 7;Ноутбук ASUS VivoBook K513EA-L12013W Silver (90NB0SG2-M38550);https://sbermegamarket.ru/catalog/details/noutbuk-asus-vivobook-k513ea-l12013w-serebristyy-90nb0sg2-m38550-100044573190/
100045185376;Ноутбуки страница 7;Ноутбук Lenovo Legion 5 17ACH6H (82JY00HWRK) синий (82JY00HWRK);https://sbermegamarket.ru/catalog/details/noutbuk-lenovo-legion-5-17ach6h-82jy00hwrk-siniy-82jy00hwrk-100045185376/
100045185378;Ноутбуки страница 7;Ноутбук Lenovo Legion 5 Pro 16ACH6H (82JQ010BRK) серый (82JQ010BRK);https://sbermegamarket.ru/catalog/details/noutbuk-lenovo-legion-5-pro-16ach6h-82jq010brk-seryy-82jq010brk-100045185378/
100045185384;Ноутбуки страница 7;Ноутбук ASUS R410MA-212.BK128 темно-синий (R410MA-212.BK128);https://sbermegamarket.ru/catalog/details/noutbuk-asus-r410ma-212bk128-temno-siniy-r410ma-212bk128-100045185384/
100045185393;Ноутбуки страница 7;Ноутбук HP 15-dy2067ms 4W2K2UA серебристый;https://sbermegamarket.ru/catalog/details/noutbuk-hp-15-dy2067ms-4w2k2ua-belyy-100045185393/
100045315207;Ноутбуки страница 7;Ноутбук Asus VivoBook 15 F571LH-BQ422 Black (90NB0QJ1-M000M0);https://sbermegamarket.ru/catalog/details/asus-90nb0qj1-m000m0-90nb0qj1-m000m0-100045315207/
100046250356;Ноутбуки страница 7;Ноутбук Digma 15 P417 Black (NN5158CXW01);https://sbermegamarket.ru/catalog/details/noutbuk-digma-15-p417-black-nn5158cxw01-100046250356/
100046250357;Ноутбуки страница 8;Ноутбук MSI Sword 17 A11UD-808XRU White (9S7-17L213-808);https://sbermegamarket.ru/catalog/details/noutbuk-msi-sword-17-a11ud-808xru-white-9s7-17l213-808-100046250357/
100046571570;Ноутбуки страница 8;Ноутбук Lenovo IdeaPad 3 14IML05 81WA00G0UE синий;https://sbermegamarket.ru/catalog/details/noutbuk-lenovo-ideapad-3-14iml05-81wa00g0ue-siniy-100046571570/
100047345964;Ноутбуки страница 8;Ноутбук Lenovo IdP 1 11IGL05/81VT008CUE Gray (81VT008CUE);https://sbermegamarket.ru/catalog/details/noutbuk-lenovo-idp-1-11igl05-81vt008cue-gray-81vt008cue-100047345964/
100047346174;Ноутбуки страница 8;Ноутбук AppleMacBook Air (2022) M2 2/24GB/512GB SSD (Z15Z0006Y);https://sbermegamarket.ru/catalog/details/noutbuk-applemacbook-air-2022-m2-2-32gb-512gb-ssd-z15z0006y-100047346174/
100047780953;Ноутбуки страница 8;Ноутбук Lenovo IdeaPad G3 15IHU6 черный (82K10032RM);https://sbermegamarket.ru/catalog/details/noutbuk-lenovo-ideapad-g3-chernyy-82k10032rm-100047780953/
100048288529;Ноутбуки страница 8;Ноутбук ASUS Vivobook 17 M1702QA-AU081 темно-синий (90NB0YA2-M003N0);https://sbermegamarket.ru/catalog/details/noutbuk-asus-vivobook-17-m1702qa-au081-temno-siniy-90nb0ya2-m003n0-100048288529/
600005634967;Ноутбуки страница 8;Ноутбук MSI Pulse grey (9S7-17L314-072);https://sbermegamarket.ru/catalog/details/noutbuk-msi-pulse-grey-9s7-17l314-072-600005634967/
600005799464;Ноутбуки страница 8;Ноутбук MSI GL76 12UEK-073XRU Grey (9S7-17L314-073);https://sbermegamarket.ru/catalog/details/noutbuk-msi-seryy-9s7-17l314-073-600005799464/
600005799466;Ноутбуки страница 8;Ноутбук MSI серый (9S7-17L414-051);https://sbermegamarket.ru/catalog/details/noutbuk-msi-seryy-9s7-17l414-051-600005799466/
600009593695;Ноутбуки страница 8;Ноутбук GIGABYTE XE5-73RU543UD черный (XE5-73RU543UD);https://sbermegamarket.ru/catalog/details/noutbuk-gigabyte-xe5-73ru543ud-chernyy-xe5-73ru543ud-600009593695/
600009631325;Ноутбуки страница 8;Ноутбук Acer Nitro 5 AN515-57 Black (NH.QELER.005);https://sbermegamarket.ru/catalog/details/noutbuk-acer-nhqeler005-chernyy-nhqeler005-600009631325/
600009701858;Ноутбуки страница 8; Tecno TECNO T1 (TCN-T1I5L16.512.BL);https://sbermegamarket.ru/catalog/details/tecno-tecno-t1-tcn-t1i5l16512bl-600009701858/
600009701860;Ноутбуки страница 8; Tecno TECNO T1 (TCN-T1I5W16.512.BL);https://sbermegamarket.ru/catalog/details/tecno-tecno-t1-tcn-t1i5w16512bl-600009701860/
600009809368;Ноутбуки страница 8;Ноутбук ASUS TUF Gaming A15 FA506IHRB-HN080 черный (90NR07G7-M00D00);https://sbermegamarket.ru/catalog/details/noutbuk-asus-tuf-gaming-a15-fa506ihrb-hn080-chernyy-90nr07g7-m00d00-600009809368/
100028053334;Ноутбуки страница 8;Ноутбук Lenovo 14ADA05 Blue (81W000KQRU);https://sbermegamarket.ru/catalog/details/noutbuk-lenovo-14ada05-blue-81w000kqru-100028053334/
100028147868;Ноутбуки страница 8;Ультрабук Huawei MateBook D 16 (HVY-WAP9 16+512GB Sp/Gr);https://sbermegamarket.ru/catalog/details/ultrabuk-huawei-matebook-d-16-hvy-wap9-16512gb-sp-gr-100028147868/
100028377986;Ноутбуки страница 8;Ноутбук Acer Extensa EX215-52-37SE Black (NX.EG8ER.011);https://sbermegamarket.ru/catalog/details/noutbuk-acer-extensa-ex215-52-37se-black-nxeg8er011-100028377986/
100028385867;Ноутбуки страница 8;Ультрабук Huawei MateBook D 15 BoD-WFH9 16+512GB Space Grey;https://sbermegamarket.ru/catalog/details/ultrabuk-huawei-matebook-d-15-bod-wfh9-16512gb-space-grey-100028385867/
100028934885;Ноутбуки страница 8;Ноутбук Irbis NB266 (NB266);https://sbermegamarket.ru/catalog/details/noutbuk-irbis-nb266-nb266-100028934885/
100029004479;Ноутбуки страница 8;Ноутбук MSI Modern 15 A10M-658RU;https://sbermegamarket.ru/catalog/details/noutbuk-msi-modern-15-a10m-658ru-100029004479/
100029275777;Ноутбуки страница 8;Ноутбук HP 250 G8 (27K08EA);https://sbermegamarket.ru/catalog/details/noutbuk-hp-250-g8-27k08ea-100029275777/
100030352046;Ноутбуки страница 8;Ультрабук ASUS Vivobook R465JA-EB1438W Silver (530867);https://sbermegamarket.ru/catalog/details/ultrabuk-asus-vivobook-r465ja-eb1438w-silver-530867-100030352046/
100030991234;Ноутбуки страница 8;Ноутбук-трансформер Acer Spin 1 SP114-31 (NX.ABGER.004);https://sbermegamarket.ru/catalog/details/noutbuk-transformer-acer-spin-1-sp114-31-nxabger004-100030991234/
100031323978;Ноутбуки страница 8;Ноутбук Irbis NB256 Dark Grey;https://sbermegamarket.ru/catalog/details/noutbuk-irbis-nb256-dark-grey-100031323978/
100032086905;Ноутбуки страница 9;Ноутбук Haier i1500SM Gray (JT0090E06RU);https://sbermegamarket.ru/catalog/details/noutbuk-haier-i1500sm-gray-jt0090e06ru-100032086905/
100042648563;Ноутбуки страница 9;Ноутбук Thunderobot 911 Plus Pro (JT009UE07RU);https://sbermegamarket.ru/catalog/details/thunderobot-911-plus-pro-jt009ue07ru-100042648563/
100043273981;Ноутбуки страница 9;Ноутбук AppleMacBook Pro (2021) M1 Pro /16GB/1024GB SSD (MK193LL/A);https://sbermegamarket.ru/catalog/details/noutbuk-apple-a2485-mk193ll-a-apple-16-inch-macbook-l5-25376-00a-100043273981/
100043308811;Ноутбуки страница 9;Ноутбук MSI CreatorPro Z16P B12UKST-222RU Grey (9S7-15G121-222);https://sbermegamarket.ru/catalog/details/noutbuk-msi-creatorpro-z16p-b12ukst-222ru-9s7-15g121-222-1600-2560x1600-100043308811/
100043309023;Ноутбуки страница 9;Ноутбук MSI GL76 Pulse 12UEK-088XRU Grey (9S7-17L414-278);https://sbermegamarket.ru/catalog/details/noutbuk-msi-pulse-gl76-12uck-278xru-9s7-17l414-278-i7-12700h23-ghz173-100043309023/
100044573117;Ноутбуки страница 9;Ноутбук HIPER WorkBook A1568K черный (A1568K1035DS);https://sbermegamarket.ru/catalog/details/noutbuk-hiper-workbook-a1568k-chernyy-a1568k1035ds-100044573117/
100046571575;Ноутбуки страница 9;Ноутбук Lenovo IdeaPad 3 15IML05/81WB010DAX серый;https://sbermegamarket.ru/catalog/details/noutbuk-lenovo-ideapad-3-15iml05-81wb010dax-seryy-100046571575/
100046571595;Ноутбуки страница 9;Ноутбук Lenovo V15 G2 ITL (82KBA002IH) серый;https://sbermegamarket.ru/catalog/details/noutbuk-lenovo-v15-g2-itl-82kba002ih-seryy-100046571595/
100046632573;Ноутбуки страница 9;Ноутбук DIGMA EVE 14 C414 (NA9144BXW01);https://sbermegamarket.ru/catalog/details/noutbuk-digma-eve-14-c414-black-na9144bxw01-100046632573/
100046662035;Ноутбуки страница 9;Ноутбук Xiaomi RedmiBook серый (XMA2006-RJ);https://sbermegamarket.ru/catalog/details/noutbuk-xiaomi-redmibook-seryy-xma2006-rj-100046662035/
100047345969;Ноутбуки страница 9;Ноутбук Lenovo IdeaPad 3 17ITL6 (82H900DTUS) синий (82H900DTUS);https://sbermegamarket.ru/catalog/details/noutbuk-lenovo-ideapad-3-17itl6-82h900dtus-siniy-82h900dtus-100047345969/
100047346091;Ноутбуки страница 9;Ноутбук Lenovo IP 3 14IGL05 (N40204G1T14DO) Gray (N40204G1T14DO);https://sbermegamarket.ru/catalog/details/noutbuk-lenovo-ip-3-14igl05-n40204g1t14do-gray-n40204g1t14do-100047346091/
600004226663;Ноутбуки страница 9;Ноутбук Lenovo Legion 7 16ACHG6 Grey (82N6001MRK);https://sbermegamarket.ru/catalog/details/noutbuk-lenovo-legion-7-16achg6-grey-82n6001mrk-600004226663/
600008606515;Ноутбуки страница 9;Ноутбук HP silver (3S8M1EA);https://sbermegamarket.ru/catalog/details/noutbuk-hp-silver-3s8m1ea-600008606515/
600009249925;Ноутбуки страница 9;Ноутбук HP 250 G8 silver (4K804EA#ABZ);https://sbermegamarket.ru/catalog/details/noutbuk-hp-250-g8-silver-4k804ea-abz-600009249925/
600009249926;Ноутбуки страница 9;Ноутбук HP 255 G8 silver (4K7Z3EA#ABZ);https://sbermegamarket.ru/catalog/details/noutbuk-hp-255-g8-silver-4k7z3ea-abz-600009249926/
600009256558;Ноутбуки страница 9;Ноутбук Acer EX215-31-C36W black (NX.EFTER.016);https://sbermegamarket.ru/catalog/details/noutbuk-acer-ex215-31-c36w-black-nxefter016-600009256558/
600009377621;Ноутбуки страница 9;Ноутбук HIPER WorkBook A1568K черный (A1568K1135WI);https://sbermegamarket.ru/catalog/details/noutbuk-hiper-workbook-a1568k-chernyy-a1568k1135wi-600009377621/
600009396143;Ноутбуки страница 9;Ноутбук Lenovo IdeaPad 5 Pro 16ACH6 82L5004NRK серый серый (82L5004NRK);https://sbermegamarket.ru/catalog/details/noutbuk-lenovo-ideapad-5-pro-16ach6-82l5004nrk-seryy-seryy-82l5004nrk-600009396143/
600009691876;Ноутбуки страница 9;Ноутбук F+ FLAPTOP R серебристый (FLTP-5R3-16512-W);https://sbermegamarket.ru/catalog/details/noutbuk-f-flaptop-r-serebristyy-fltp-5r3-16512-w-600009691876/
100028440888;Ноутбуки страница 9;Ноутбук Honor MagicBook X15 8+256GB Space Gray (BBR-WAI9)/(53011UGC-001);https://sbermegamarket.ru/catalog/details/noutbuk-honor-magicbook-x15-8256gb-space-gray-bbr-wai9-53011ugc-001-100028440888/
100028934893;Ноутбуки страница 9;Ноутбук ASUS K413JA-AM545T (1000618004);https://sbermegamarket.ru/catalog/details/noutbuk-asus-k413ja-am545t-1000618004-100028934893/
100029004468;Ноутбуки страница 9;Ноутбук Haier U1520EM;https://sbermegamarket.ru/catalog/details/noutbuk-haier-u1520em-100029004468/
100029532257;Ноутбуки страница 9;Ноутбук Acer Aspire 3 A315-34-C9WH (NX.HE3ER.01V);https://sbermegamarket.ru/catalog/details/noutbuk-acer-aspire-3-a315-34-c9wh-nxhe3er01v-100029532257/
100030352048;Ноутбуки страница 10;Ноутбук ASUS Vivobook R565JA-BQ2497W ();https://sbermegamarket.ru/catalog/details/noutbuk-asus-vivobook-r565ja-bq2497w-100030352048/
100030352064;Ноутбуки страница 10;Ноутбук HP 17-cp 17-cp0125ur Black (5D5G5EA);https://sbermegamarket.ru/catalog/details/noutbuk-hp-17-cp-17-cp0125ur-black-5d5g5ea-100030352064/
100030991216;Ноутбуки страница 10;Ноутбук Acer Aspire 3 Aspire 3 A315-58G (NX.ADVER.009) (1360194);https://sbermegamarket.ru/catalog/details/noutbuk-acer-aspire-3-aspire-3-a315-58g-nxadver009-1360194-100030991216/
100031169749;Ноутбуки страница 10;Ультрабук Huawei MateBook 14 KLVL-W56W Gray (53012NVN);https://sbermegamarket.ru/catalog/details/ultrabuk-huawei-matebook-14-klvl-w56w-gray-53012nvn-100031169749/
100031169768;Ноутбуки страница 10;Игровой ноутбук Haier GAMING GG1502XD Black (JT0092E06RU);https://sbermegamarket.ru/catalog/details/igrovoy-noutbuk-haier-gaming-gg1502xd-black-jt0092e06ru-100031169768/
100031169770;Ноутбуки страница 10;Игровой ноутбук Haier GAMING GG1505A Black (JT009VE05RU);https://sbermegamarket.ru/catalog/details/igrovoy-noutbuk-haier-gaming-gg1505a-black-jt009ve05ru-100031169770/
100031323982;Ноутбуки страница 10;Ноутбук ASUS K3400PA-KM130W Blue;https://sbermegamarket.ru/catalog/details/noutbuk-asus-k3400pa-km130w-blue-100031323982/
100032393567;Ноутбуки страница 10;Игровой ноутбук Lenovo IdeaPad Gaming 3 Black (82K201RWRK);https://sbermegamarket.ru/catalog/details/igrovoy-noutbuk-lenovo-ideapad-gaming-3-black-82k201rwrk-100032393567/
100039651384;Ноутбуки страница 10;"Ноутбук HP 250 G8, 15.6"",  IPS, Intel  Core i3  1115G4 3.0ГГц, 8ГБ, 256ГБ SSD,  Intel UHD";https://sbermegamarket.ru/catalog/details/noutbuk-hp-250-g8-156-ips-intel-core-i3-1115g4-30ggc-8gb-256gb-ssd-intel-uhd-100039651384/
100042073951;Ноутбуки страница 10;Игровой ноутбук MSI Sword 17 A11UC-811XRU White (9S7-17L213-811);https://sbermegamarket.ru/catalog/details/igrovoy-noutbuk-msi-sword-17-a11uc-811xru-white-9s7-17l213-811-100042073951/
100042648561;Ноутбуки страница 10;Ноутбук Thunderobot 911 Air XD (JT0090E08RU);https://sbermegamarket.ru/catalog/details/thunderobot-911-air-xd-jt0090e08ru-100042648561/
100042648567;Ноутбуки страница 10;Ноутбук Thunderobot Zero Max (JT009VE07RU);https://sbermegamarket.ru/catalog/details/thunderobot-zero-max-jt009ve07ru-100042648567/
100043286465;Ноутбуки страница 10;Ноутбук MSI Creator Z16P B12UGST-027RU Grey (9S7-15G121-027);https://sbermegamarket.ru/catalog/details/noutbuk-msi-creator-z16p-b12ugst-027ru-9s7-15g121-027-quad-port-10gbe-5gbe-25gbe-100043286465/
100044896534;Ноутбуки страница 10;Ноутбук MSI Raider GE66 12UGS-466RU Grey (9S7-154414-466);https://sbermegamarket.ru/catalog/details/noutbuk-msi-raider-ge66-12ugs-466ru-grey-9s7-154414-466-100044896534/
100045185390;Ноутбуки страница 10;Ноутбук ASUS Vivobook Pro15 M6500QC-HN058 (90NB0YN1-M004T0) Quiet Blue;https://sbermegamarket.ru/catalog/details/noutbuk-asus-vivobook-pro15-m6500qc-hn058-90nb0yn1-m004t0-chernyy-100045185390/
100045185392;Ноутбуки страница 10;Ноутбук HP 15-dw1006ny белый;https://sbermegamarket.ru/catalog/details/noutbuk-hp-15-dw1006ny-belyy-100045185392/
100045308553;Ноутбуки страница 10;Ноутбук MSI Pulse GL66 12UGSZOK-1032XRU Grey (100-100000644BOX);https://sbermegamarket.ru/catalog/details/msi-pulse-gl66-12ugszok-1032xru-100-100000644box-100045308553/
100045315189;Ноутбуки страница 10;Ноутбук MSI Bravo 15 B5DD-414XRU Black (9S7-158K12-414);https://sbermegamarket.ru/catalog/details/msi-9s7-158k12-414-9s7-158k12-414-100045315189/
100045315198;Ноутбуки страница 10;Ноутбук Maibenben M547 Silver (M5471SB0LSRE0);https://sbermegamarket.ru/catalog/details/maibenben-m5471sb0lsre0-m5471sb0lsre0-100045315198/
100045674657;Ноутбуки страница 10;Ноутбук MSI Katana GF76 11SC-677XRU;https://sbermegamarket.ru/catalog/details/ip-nb-msi-katana-gf76-11sc-677xru-100045674657/
100045674673;Ноутбуки страница 10;Ноутбук ASUS TUF Dash FX517ZM-AS73;https://sbermegamarket.ru/catalog/details/ip-nb-asus-tuf-dash-fx517zm-as73-100045674673/
100046250354;Ноутбуки страница 10;Ноутбук MSI Sword 17 A12UD-248XRU White (9S7-17L423-248);https://sbermegamarket.ru/catalog/details/noutbuk-msi-sword-17-a12ud-248xru-white-9s7-17l423-248-100046250354/
100046632539;Ноутбуки страница 10;Ноутбук HP Notebook 840 G9 Silver (6F608EA);https://sbermegamarket.ru/catalog/details/noutbuk-hp-notebook-840-g9-silver-6f608ea-100046632539/
100046662025;Ноутбуки страница 10;Ноутбук ADATA 16RX черный (XENIARX16R7G3H6650XTL9-BKCRU);https://sbermegamarket.ru/catalog/details/noutbuk-adata-16rx-chernyy-xeniarx16r7g3h6650xtl9-bkcru-100046662025/
100047345984;Ноутбуки страница 11;Ноутбук ASUS 90NB0SZ1-M05660 Silver (90NB0SZ1-M05660);https://sbermegamarket.ru/catalog/details/noutbuk-asus-90nb0sz1-m05660-silver-90nb0sz1-m05660-100047345984/
100047402576;Ноутбуки страница 11;Ноутбук HP 250 G8 серебристый (4K804EA);https://sbermegamarket.ru/catalog/details/noutbuk-hp-250-g8-serebristyy-4k804ea-100047402576/
100047637868;Ноутбуки страница 11;Ноутбук ASUS VivoBook 15X OLED X1503ZA-L1232 (90NB0WY1-M00NL0);https://sbermegamarket.ru/catalog/details/noutbuk-asus-vivobook-15x-oled-x1503za-l1232-90nb0wy1-m00nl0-100047637868/
100047780904;Ноутбуки страница 11;Ноутбук Itel Spirit 2 серый (71006300174);https://sbermegamarket.ru/catalog/details/noutbuk-itel-spirit-2-seryy-71006300174-100047780904/
100047780947;Ноутбуки страница 11;Ноутбук Lenovo IdeaPad 3 серебристый (82H801F1RM);https://sbermegamarket.ru/catalog/details/noutbuk-lenovo-ideapad-3-serebristyy-82h801f1rm-100047780947/
100047898763;Ноутбуки страница 11;Ноутбук ASUS TUF Gaming A15 темно-серый (FX506HCB-US51);https://sbermegamarket.ru/catalog/details/noutbuk-asus-tuf-gaming-a15-temno-seryy-fx506hcb-us51-100047898763/
600005123187;Ноутбуки страница 11;Игровой ноутбук MSI GF63 Thin 11UD-221RU Black (9S7-16R612-221);https://sbermegamarket.ru/catalog/details/noutbuk-msi-gf63-thin-11ud-221ru-black-9s7-16r612-221-600005123187/
600005606553;Ноутбуки страница 11;Ноутбук MSI темно-серебристый (9S7-158314-220);https://sbermegamarket.ru/catalog/details/noutbuk-msi-temno-serebristyy-9s7-158314-220-600005606553/
600005812266;Ноутбуки страница 11;Ноутбук Acer Extensa 15 EX215-31-P1DB черный (NX.EFTER.013);https://sbermegamarket.ru/catalog/details/noutbuk-acer-extensa-15-ex215-31-p1db-chernyy-nxefter013-600005812266/
600006921588;Ноутбуки страница 11;Ноутбук HP Victus 16-e0151ur dark grey (638F6EA);https://sbermegamarket.ru/catalog/details/noutbuk-hp-victus-16-e0151ur-dark-grey-638f6ea-600006921588/
600008835981;Ноутбуки страница 11;Ноутбук TCL Book 14 GO blue (B220G_Skywriting);https://sbermegamarket.ru/catalog/details/noutbuk-tcl-book-14-go-blue-b220g_skywriting-600008835981/
600009604509;Ноутбуки страница 11;Ноутбук F+ FLAPTOP I серый (FLTP-5i3-16512-W);https://sbermegamarket.ru/catalog/details/noutbuk-f-flaptop-i-seryy-fltp-5i3-16512-w-600009604509/
600009701861;Ноутбуки страница 11; Tecno TECNO T1 (TCN-T1I5W16.512.GR);https://sbermegamarket.ru/catalog/details/tecno-tecno-t1-tcn-t1i5w16512gr-600009701861/
600009809376;Ноутбуки страница 11;Ноутбук HP 250 G9 серебристый (6S797EA#ABB);https://sbermegamarket.ru/catalog/details/noutbuk-hp-250-g9-serebristyy-6s797ea-abb-600009809376/
600009971125;Ноутбуки страница 11;Ноутбук Acer AN515-58-75GT черный (NH.QFMER.008);https://sbermegamarket.ru/catalog/details/noutbuk-acer-an515-58-75gt-chernyy-nhqfmer008-600009971125/
600010020749;Ноутбуки страница 11;Ноутбук ASUS синий (90NB0YA2-M003P0);https://sbermegamarket.ru/catalog/details/noutbuk-asus-siniy-90nb0ya2-m003p0-600010020749/
100027761156;Ноутбуки страница 11;Ноутбук Lenovo IdeaPad 3 14ADA05 (81W000FXRU);https://sbermegamarket.ru/catalog/details/noutbuk-lenovo-ideapad-3-14ada05-81w000fxru-100027761156/
100028097183;Ноутбуки страница 11;Ноутбук Acer Extensa 15 EX215-31-C3FF Black (NX.EFTER.00D);https://sbermegamarket.ru/catalog/details/noutbuk-acer-extensa-15-ex215-31-c3ff-black-nxefter00d-100028097183/
100028172442;Ноутбуки страница 11;Ноутбук Acer Extensa EX215-31-P3UX Black (NX.EFTER.00J);https://sbermegamarket.ru/catalog/details/noutbuk-acer-extensa-ex215-31-p3ux-black-nxefter00j-100028172442/
100028273952;Ноутбуки страница 11;Ноутбук игровой ASUS TUF Gaming F15 FX506LH-HN082T (0);https://sbermegamarket.ru/catalog/details/noutbuk-igrovoy-asus-tuf-gaming-f15-fx506lh-hn082t-0-100028273952/
100028391014;Ноутбуки страница 11;Ноутбук Acer Extensa EX215-31-P8S2 Black (NX.EFTER.00K);https://sbermegamarket.ru/catalog/details/noutbuk-acer-extensa-ex215-31-p8s2-black-nxefter00k-100028391014/
100028934918;Ноутбуки страница 11;Ноутбук игровой HP OMEN 16-c0025ur 491M1EA;https://sbermegamarket.ru/catalog/details/noutbuk-igrovoy-hp-omen-16-c0025ur-491m1ea-100028934918/
100028956161;Ноутбуки страница 11;Ноутбук Lenovo V15-G2 (82KB003LRU);https://sbermegamarket.ru/catalog/details/noutbuk-lenovo-v15-g2-82kb003lru-100028956161/
100029004467;Ноутбуки страница 11;Ноутбук Haier U1520SM;https://sbermegamarket.ru/catalog/details/noutbuk-haier-u1520sm-100029004467/
100029015790;Ноутбуки страница 12;Ноутбук ASUS A571GT-BQ938 (90NB0NL1-M15220);https://sbermegamarket.ru/catalog/details/noutbuk-asus-a571gt-bq938-90nb0nl1-m15220-100029015790/
100029088333;Ноутбуки страница 12;Ноутбук Lenovo IdeaPad 3 17ADA05 (81W2008XRK);https://sbermegamarket.ru/catalog/details/noutbuk-lenovo-ideapad-3-17ada05-81w2008xrk-1328265-100029088333/
100029262174;Ноутбуки страница 12;Ноутбук Honor MagicBook 15 16+512GB Space Grey (BMH-WFQ9HN);https://sbermegamarket.ru/catalog/details/noutbuk-honor-magicbook-15-16512gb-space-grey-bmh-wfq9hn-100029262174/
100029399851;Ноутбуки страница 12;Ноутбук Irbis NB700 (NB700);https://sbermegamarket.ru/catalog/details/noutbuk-irbis-nb700-nb700-100029399851/
100029532293;Ноутбуки страница 12;Ноутбук Honor MagicBook 15 R5/8/512 Silver (BMH-WDQ9HN) (5301AAKG);https://sbermegamarket.ru/catalog/details/noutbuk-honor-magicbook-15-r5-8-512-silver-bmh-wdq9hn-5301aakg-100029532293/
100029544868;Ноутбуки страница 12;Ноутбук Apple MacBook Pro 16 M1 Max/32Gb/1Tb (MK1H3RU/A);https://sbermegamarket.ru/catalog/details/noutbuk-apple-macbook-pro-16-m1-max-32gb-1tb-mk1h3ru-a-100029544868/
100029699078;Ноутбуки страница 12;Ноутбук Lenovo IdeaPad 3 14ALC6 (82KT002VRK) Blue;https://sbermegamarket.ru/catalog/details/noutbuk-lenovo-ideapad-3-14alc6-82kt002vrk-blue-100029699078/
100029992267;Ноутбуки страница 12;Ноутбук Acer Aspire 3 A317-53-3652 Silver (NX.AD0ER.012);https://sbermegamarket.ru/catalog/details/noutbuk-acer-aspire-3-a317-53-3652-silver-nxad0er012-100029992267/
100029992273;Ноутбуки страница 12;Ноутбук игровой MSI Delta 15 A5EFK-057RU (9S7-15CK11-057);https://sbermegamarket.ru/catalog/details/noutbuk-igrovoy-msi-delta-15-a5efk-057ru-9s7-15ck11-057-100029992273/
100030087487;Ноутбуки страница 12;Ноутбук ASUS Vivobook S14 VivoBook S14 S433JQ-EB076T Black (1000642099);https://sbermegamarket.ru/catalog/details/noutbuk-asus-vivobook-s14-s433jq-eb076t-100030087487/
100030319565;Ноутбуки страница 12;Игровой ноутбук MSI Katana GF66 11UE-655RU Black (9S7-158112-655);https://sbermegamarket.ru/catalog/details/igrovoy-noutbuk-msi-katana-gf66-11ue-655ru-chernyy-9s7-158112-655-100030319565/
100030532681;Ноутбуки страница 12;Ноутбук ASUS UX425EA-KI990W Gray (90NB0SM1-M00J80);https://sbermegamarket.ru/catalog/details/noutbuk-asus-ux425ea-ki990w-seryy-90nb0sm1-m00j80-100030532681/
100030539542;Ноутбуки страница 12;Ноутбук ASUS VivoBook 14 E410MA-EK1327W (90NB0Q15-M40380);https://sbermegamarket.ru/catalog/details/noutbuk-asus-vivobook-14-e410ma-ek1327w-90nb0q15-m40380-100030539542/
100030988755;Ноутбуки страница 12;Ноутбук Lenovo IdeaPad 3 14IGL05 Gray (81WH0033RU);https://sbermegamarket.ru/catalog/details/noutbuk-lenovo-ideapad-3-14igl05-gray-81wh0033ru-100030988755/
100030991210;Ноутбуки страница 12;Ноутбук Huawei MateBook D 15 BoD-WDH9/53012TLT 8/512GB SpaceGrey;https://sbermegamarket.ru/catalog/details/noutbuk-huawei-matebook-d-15-bod-wdh9-53012tlt-8-512gb-spacegrey-100030991210/
100030991231;Ноутбуки страница 12;Игровой ноутбук Acer Nitro 5 Nitro AN517-54-77PS Black (1000653474);https://sbermegamarket.ru/catalog/details/igrovoy-noutbuk-acer-nitro-5-nitro-an517-54-77ps-black-1000653474-100030991231/
100031805613;Ноутбуки страница 12;Игровой ноутбук Lenovo Legion 7 16ACHg6 (82N600PJRU) Grey;https://sbermegamarket.ru/catalog/details/igrovoy-noutbuk-lenovo-legion-7-16achg6-82n600pjru-grey-100031805613/
100031836235;Ноутбуки страница 12;Ноутбук Acer Aspire 3 A317-53-510U (NX.AD0ER.017);https://sbermegamarket.ru/catalog/details/noutbuk-acer-aspire-3-a317-53-510u-nxad0er017-100031836235/
100032086900;Ноутбуки страница 12;Ноутбук Haier A1430EM Silver (JT009YE05RU);https://sbermegamarket.ru/catalog/details/noutbuk-haier-a1430em-silver-jt009ye05ru-100032086900/
100032086902;Ноутбуки страница 12;Ноутбук Haier U1550SM Black (JT009XE05RU);https://sbermegamarket.ru/catalog/details/noutbuk-haier-u1550sm-black-jt009xe05ru-100032086902/
100032098067;Ноутбуки страница 12;Ноутбук MSI GF63 Thin 11UC-207XRU (9S7-16R612-207);https://sbermegamarket.ru/catalog/details/noutbuk-msi-gf63-thin-11uc-207xru-9s7-16r612-207-100032098067/
100032393570;Ноутбуки страница 12;Игровой ноутбук Lenovo IdeaPad Gaming 3 Black (82K1015TRK);https://sbermegamarket.ru/catalog/details/igrovoy-noutbuk-lenovo-ideapad-gaming-3-82k1015trk-chernyy-82k1015trk-100032393570/
100033042605;Ноутбуки страница 12;Ноутбук Aquarius Cmp NS685U R11 (QRCN-NS685U1M1618H151L15NB6MLNNN2);https://sbermegamarket.ru/catalog/details/noutbuk-aquarius-cmp-ns685u-r11-qrcn-ns685u1m1618h151l15nb6mlnnn2-100033042605/
100033042691;Ноутбуки страница 12;Ультрабук Chuwi Corebook X Grey (Core i3/16/1024);https://sbermegamarket.ru/catalog/details/ultrabuk-chuwi-corebook-x-seryy-core-i3-16-1024-100033042691/
100037756275;Ноутбуки страница 13;Ноутбук AppleMacBook Pro 14 Late 2021 (2021) M1 Pro /16GB/2048GB SSD (Z15G000D7);https://sbermegamarket.ru/catalog/details/noutbuk-apple-macbook-pro-14-late-2021-z15h-1-space-gray-z15g000d7-ru-a-apple-m1-pro-10-100037756275/
100042073944;Ноутбуки страница 13;Ноутбук Asus VivoBook 15 R528EP-BQ438T Black (R528EP-BQ438T);https://sbermegamarket.ru/catalog/details/noutbuk-asus-vivobook-15-r528ep-bq438t-black-r528ep-bq438t-100042073944/
100042073948;Ноутбуки страница 13;Игровой ноутбук MSI Sword 17 A11UD-809XRU White (9S7-17L213-809);https://sbermegamarket.ru/catalog/details/igrovoy-noutbuk-msi-sword-17-a11ud-809xru-white-9s7-17l213-809-100042073948/
100042073952;Ноутбуки страница 13;Игровой ноутбук MSI Summit E14 Evo A12M-066RU Black (9S7-14F121-066);https://sbermegamarket.ru/catalog/details/igrovoy-noutbuk-msi-summit-e14-evo-a12m-066ru-black-9s7-14f121-066-100042073952/
100042073958;Ноутбуки страница 13;Игровой ноутбук MSI GF63 Thin 11SC-11UD-254XRU Black (9S7-16R612-254);https://sbermegamarket.ru/catalog/details/igrovoy-noutbuk-msi-gf63-thin-11sc-11ud-254xru-black-9s7-16r612-254-100042073958/
100042570479;Ноутбуки страница 13;Ноутбук ASUS VivoBook Series K513EA-L11309W Win 11 Home Eng черный;https://sbermegamarket.ru/catalog/details/noutbuk-asus-vivobook-series-k513ea-l11309w-win-11-home-eng-chernyy-100042570479/
100042871639;Ноутбуки страница 13;Ноутбук Thunderobot 911 MR Max (JT009ZE07RU);https://sbermegamarket.ru/catalog/details/thunderobot-911-mr-max-jt009ze07ru-100042871639/
100043954725;Ноутбуки страница 13;Ноутбук HP 255 G8 Silver (2R9B5EA);https://sbermegamarket.ru/catalog/details/noutbuk-hp-255-g8-156-hd-athlon-silver-3050u-4gb-1tb-free-dos-dksilver-2r9b5ea-100043954725/
100043954804;Ноутбуки страница 13;Ноутбук IRBIS NB280 Silver (NB280);https://sbermegamarket.ru/catalog/details/noutbuk-irbis-nb280-156-wqxga-ips-intel-n4020-4gb-128gb-intel-hd-gr-600-win10h-serebr-100043954804/
100044573121;Ноутбуки страница 13;Ноутбук Machenike S15 черный (S15C-i912900H30606GF144HH00RU);https://sbermegamarket.ru/catalog/details/noutbuk-machenike-s15-chernyy-s15c-i912900h30606gf144hh00ru-100044573121/
100044621597;Ноутбуки страница 13;Ноутбук DIGMA EVE 15 C423 серый (21674);https://sbermegamarket.ru/catalog/details/noutbuk-digma-eve-15-c423-seryy-21674-100044621597/
100044621598;Ноутбуки страница 13;Ноутбук DIGMA EVE 15 C423 серый (21698);https://sbermegamarket.ru/catalog/details/noutbuk-digma-eve-15-c423-seryy-21698-100044621598/
100044621724;Ноутбуки страница 13;Ноутбук ASUS R522MA-EJ693W черный ();https://sbermegamarket.ru/catalog/details/noutbuk-asus-r522ma-ej693w-chernyy-100044621724/
100044621763;Ноутбуки страница 13;Ноутбук-трансформер Huawei MateBook E 16+512GB черный (DRC-W56);https://sbermegamarket.ru/catalog/details/noutbuk-transformer-huawei-matebook-e-16512gb-chernyy-drc-w56-100044621763/
100044896638;Ноутбуки страница 13;Ноутбук Apple MacBook Pro 13 (2022) (EU) Silver;https://sbermegamarket.ru/catalog/details/noutbuk-apple-macbook-pro-13-2022-angliyskaya-raskladka-klaviatury-silver-apple-m2-819-100044896638/
100045185377;Ноутбуки страница 13;Ноутбук Lenovo IdeaPad Gaming 3 15ACH6 (82K201U9RK) черный (82K201U9RK);https://sbermegamarket.ru/catalog/details/noutbuk-lenovo-ideapad-gaming-3-15ach6-82k201u9rk-chernyy-82k201u9rk-100045185377/
100045291515;Ноутбуки страница 13;Ноутбук Acer A315-58G-5182 NX.ADUEM.00G;https://sbermegamarket.ru/catalog/details/ip-nb-acer-a315-58g-5182-nxaduem00g-100045291515/
100045308513;Ноутбуки страница 13;Ноутбук Digma EVE 15 C423 Grey (DN15R3-8CXW01);https://sbermegamarket.ru/catalog/details/digma-15-c423-dn15r3-8cxw01-100045308513/
100045308575;Ноутбуки страница 13;Ноутбук Huawei MateBook 16S Grey (9S6-AE0612-207);https://sbermegamarket.ru/catalog/details/huawei-9s6-ae0612-207-100045308575/
100045315197;Ноутбуки страница 13;Ноутбук Maibenben X558 Grey (X558FSGCLGRE0);https://sbermegamarket.ru/catalog/details/maibenben-x558fsgclgre0-x558fsgclgre0-100045315197/
100045674656;Ноутбуки страница 13;Ноутбук Lenovo Gaming 3 15IHU6 82K10198IN;https://sbermegamarket.ru/catalog/details/ip-nb-lenovo-gaming-3-15ihu6-82k10198in-100045674656/
100046250353;Ноутбуки страница 13;Ноутбук MSI Sword 17 A12UD-247XRU White (9S7-17L423-247);https://sbermegamarket.ru/catalog/details/noutbuk-msi-sword-17-a12ud-247xru-white-9s7-17l423-247-100046250353/
100046571588;Ноутбуки страница 13;Ноутбук Lenovo Legion 5 15ITH6 (82JK006XAX) черный;https://sbermegamarket.ru/catalog/details/noutbuk-lenovo-legion-5-15ith6-82jk006xax-chernyy-100046571588/
100047017123;Ноутбуки страница 13;NB Honor R5/16/512 Gray (BMH-WFQ9HN);https://sbermegamarket.ru/catalog/details/nb-honor-r5-16-512-gray-bmh-wfq9hn-100047017123/
100047345966;Ноутбуки страница 14;Ноутбук Lenovo IdP 3 14IML05 Gray (81WA00G5UE);https://sbermegamarket.ru/catalog/details/noutbuk-lenovo-idp-3-14iml05-81wa00g5ue-gray-81wa00g5ue-100047345966/
100047345982;Ноутбуки страница 14;Ноутбук ASUS F415JA-EB1737W Slate Grey Gray (90NB0ST2-M005T0);https://sbermegamarket.ru/catalog/details/noutbuk-asus-f415ja-eb1737w-slate-grey-gray-90nb0st2-m005t0-100047345982/
100047346171;Ноутбуки страница 14;Ноутбук AppleMacBook Air (2022) M2 2/16GB/512GB SSD (Z15T0006Y);https://sbermegamarket.ru/catalog/details/noutbuk-applemacbook-air-2022-m2-2-16gb-512gb-ssd-z15t0006y-100047346171/
100048288527;Ноутбуки страница 14;Ноутбук Lenovo IdeaPad 3 серый (82HL0081RE);https://sbermegamarket.ru/catalog/details/noutbuk-lenovo-ideapad-3-seryy-82hl0081re-100048288527/
600005123188;Ноутбуки страница 14;Игровой ноутбук MSI GF63 Thin 11UC-218XRU Black (9S7-16R612-218);https://sbermegamarket.ru/catalog/details/noutbuk-msi-gf63-thin-11uc-218xru-black-9s7-16r612-218-600005123188/
600005689479;Ноутбуки страница 14;Ноутбук Acer Aspire 3 A317-53-58PD серебристый (NX.AD0ER.015);https://sbermegamarket.ru/catalog/details/noutbuk-acer-aspire-3-a317-53-58pd-serebristyy-nxad0er015-600005689479/
600006271504;Ноутбуки страница 14;Ноутбук MSI черный (9S7-158432-200);https://sbermegamarket.ru/catalog/details/noutbuk-msi-chernyy-9s7-158432-200-600006271504/
600008087308;Ноутбуки страница 14;Ноутбук IRBIS NB287 серебристый (NB287);https://sbermegamarket.ru/catalog/details/noutbuk-irbis-nb287-serebristyy-nb287-600008087308/
600008777406;Ноутбуки страница 14;Ноутбук Acer Extensa 15 EX215-22-R59X (NX.EG9ER.02B) black;https://sbermegamarket.ru/catalog/details/noutbuk-acer-black-nxeg9er02b-600008777406/
600008860958;Ноутбуки страница 14;Ноутбук HP 15-dw1018nq темно-silver (2G2C0EA);https://sbermegamarket.ru/catalog/details/noutbuk-hp-15-dw1018nq-temno-silver-2g2c0ea-600008860958/
600008869694;Ноутбуки страница 14;Ноутбук HP silver (27K11EA);https://sbermegamarket.ru/catalog/details/noutbuk-hp-silver-27k11ea-600008869694/
600009202794;Ноутбуки страница 14;Ноутбук Lenovo V15 G2 ITL черный (82KB011HAK);https://sbermegamarket.ru/catalog/details/noutbuk-lenovo-v15-g2-itl-chernyy-82kb011hak-600009202794/
600009251749;Ноутбуки страница 14;Ноутбук Acer AN515-46-R03R black (NH.QGZER.002);https://sbermegamarket.ru/catalog/details/noutbuk-acer-an515-46-r03r-black-nhqgzer002-600009251749/
600009458300;Ноутбуки страница 14;Ноутбук GIGABYTE черный (XE5-73RU544UH);https://sbermegamarket.ru/catalog/details/noutbuk-gigabyte-chernyy-xe5-73ru544uh-600009458300/
600009466251;Ноутбуки страница 14;Ноутбук ASUS серый (90NB0TY1-M00JL0);https://sbermegamarket.ru/catalog/details/noutbuk-asus-seryy-90nb0ty1-m00jl0-600009466251/
600009499854;Ноутбуки страница 14;Ноутбук Acer A515-45-R9SG серебристый (NX.A83EX.00D);https://sbermegamarket.ru/catalog/details/noutbuk-acer-a515-45-r9sg-serebristyy-nxa83ex00d-600009499854/
600009593642;Ноутбуки страница 14;Ноутбук GIGABYTE XE5-73RU744HP серебристый (XE5-73RU744HP);https://sbermegamarket.ru/catalog/details/noutbuk-gigabyte-xe5-73ru744hp-serebristyy-xe5-73ru744hp-600009593642/
600009593710;Ноутбуки страница 14;Ноутбук GIGABYTE SE4-73RU513UD черный (SE4-73RU513UD);https://sbermegamarket.ru/catalog/details/noutbuk-gigabyte-se4-73ru513ud-chernyy-se4-73ru513ud-600009593710/
600009596968;Ноутбуки страница 14;"Ноутбук Gigabyte AORUS 5 SE4 Core i7 12700/DDR4 16GB/SSD512Gb/RTX 3070 8GB/15.6""/IPS/FHD";https://sbermegamarket.ru/catalog/details/noutbuk-gigabyte-aorus-5-se4-core-i7-12700-ddr4-16gb-ssd512gb-rtx-3070-8gb-156-ips-fhd-600009596968/
600009602446;Ноутбуки страница 14;Ноутбук Lenovo 82RF00H5RK серый (82RF00H5RK);https://sbermegamarket.ru/catalog/details/noutbuk-lenovo-82rf00h5rk-seryy-82rf00h5rk-600009602446/
600009603107;Ноутбуки страница 14;Ультрабук MAIBENBEN M565 Black (M5651HF0WBRE1) черный (143604);https://sbermegamarket.ru/catalog/details/ultrabuk-maibenben-m565-black-m5651hf0wbre1-chernyy-143604-600009603107/
600009604511;Ноутбуки страница 14;Ноутбук F+ FLAPTOP I серый (FLTP-5i5-16512-W);https://sbermegamarket.ru/catalog/details/noutbuk-f-flaptop-i-seryy-fltp-5i5-16512-w-600009604511/
600009604512;Ноутбуки страница 14;Ноутбук F+ FLAPTOP I серый (FLTP-5i5-8512-W);https://sbermegamarket.ru/catalog/details/noutbuk-f-flaptop-i-seryy-fltp-5i5-8512-w-600009604512/
600009618318;Ноутбуки страница 14;Ноутбук Acer Aspire 5 A515-45-R03P Silver (NX.A82SA.00H);https://sbermegamarket.ru/catalog/details/noutbuk-acer-aspire-5-a515-45-r03p-chernyy-nxa82sa00h-600009618318/
600009657359;Ноутбуки страница 15;Ноутбук ASUS M1503QA-L1224 синий (90NB0Y91-M00BT0);https://sbermegamarket.ru/catalog/details/noutbuk-asus-m1503qa-l1224-siniy-90nb0y91-m00bt0-600009657359/
600009708430;Ноутбуки страница 15;Ноутбук Acer PH315-55-70ZV черный (PH315-55-70ZV);https://sbermegamarket.ru/catalog/details/noutbuk-acer-ph315-55-70zv-chernyy-ph315-55-70zv-600009708430/
600009708578;Ноутбуки страница 15;Ноутбук Lenovo IdeaPad Gaming 3 Gen 7 (82SA00DJRK), серый;https://sbermegamarket.ru/catalog/details/noutbuk-lenovo-ideapad-gaming-3-gen-7-82sa00djrk-seryy-600009708578/
600009708745;Ноутбуки страница 15;Ноутбук Acer AN515-57-70U9 черный (AN515-57-70U9);https://sbermegamarket.ru/catalog/details/noutbuk-acer-an515-57-70u9-chernyy-an515-57-70u9-600009708745/
600009809367;Ноутбуки страница 15;Ноутбук ASUS Laptop 15 X515KA-EJ069 серый (90NB0VI2-M00A20);https://sbermegamarket.ru/catalog/details/noutbuk-asus-laptop-15-x515ka-ej069-seryy-90nb0vi2-m00a20-600009809367/
600009809379;Ноутбуки страница 15;Ноутбук HP 250 G9 серебристый (6S774EA#ABB);https://sbermegamarket.ru/catalog/details/noutbuk-hp-250-g9-serebristyy-6s774ea-abb-600009809379/
600010020782;Ноутбуки страница 15;Ноутбук ASUS синий (90NB0YA2-M003R0);https://sbermegamarket.ru/catalog/details/noutbuk-asus-siniy-90nb0ya2-m003r0-600010020782/
100027132857;Ноутбуки страница 15;Ноутбук Xiaomi Mi Notebook Pro 15 Enhanced Edition (JYU4191CN);https://sbermegamarket.ru/catalog/details/noutbuk-xiaomi-mi-notebook-pro-156-enhanced-edition-2019-grey-jyu4191cn-100027132857/
100027222123;Ноутбуки страница 15;Ультрабук Lenovo ThinkPad P43S (20RH002JRT);https://sbermegamarket.ru/catalog/details/noutbuk-lenovo-thinkpad-p43s-20rh002jrt-100027222123/
100027394783;Ноутбуки страница 15;Ноутбук HP 250 G7 Gray (1Q3G8ES);https://sbermegamarket.ru/catalog/details/noutbuk-hp-250-g7-1q3g8es-100027394783/
100027394793;Ноутбуки страница 15;Ноутбук Irbis NB68 Silver;https://sbermegamarket.ru/catalog/details/noutbuk-irbis-nb68-100027394793/
100027796764;Ноутбуки страница 15;Ноутбук Lenovo V15-IIL Gray (82C500JQRU);https://sbermegamarket.ru/catalog/details/noutbuk-lenovo-v15-iil-gray-82c500jqru-100027796764/
100028074488;Ноутбуки страница 15;Ноутбук Acer Aspire 3 A315-23-R5B8 Silver (NX.HVUER.006);https://sbermegamarket.ru/catalog/details/noutbuk-acer-aspire-3-a315-23-r5b8-silver-nxhvuer006-100028074488/
100028074726;Ноутбуки страница 15;Ноутбук HP 15s-fq1102ur Gray (24A93EA);https://sbermegamarket.ru/catalog/details/noutbuk-hp-15s-fq1102ur-gray-24a93ea-100028074726/
100028286611;Ноутбуки страница 15;Ноутбук Lenovo Thinkbook 15 G2 ITL Gray (20VE0054RU);https://sbermegamarket.ru/catalog/details/noutbuk-lenovo-thinkbook-15-g2-itl-gray-20ve0054ru-100028286611/
100028302789;Ноутбуки страница 15;Ноутбук HP Pavilion 14-dv0046ur White (2X2Q3EA);https://sbermegamarket.ru/catalog/details/noutbuk-hp-pavilion-14-dv0046ur-white-2x2q3ea-100028302789/
100028366871;Ноутбуки страница 15;Ноутбук Acer Aspire 3 A317-52-522F Black (NX.HZWER.006);https://sbermegamarket.ru/catalog/details/noutbuk-acer-aspire-3-a317-52-522f-black-nxhzwer006-100028366871/
100028385793;Ноутбуки страница 15;Ноутбук HP 15s-eq1137ur (22R06EA);https://sbermegamarket.ru/catalog/details/noutbuk-hp-15s-eq1137ur-22r06ea-100028385793/
100028439723;Ноутбуки страница 15;Ноутбук HP 15-dw3002ur Silver (2X2A4EA);https://sbermegamarket.ru/catalog/details/noutbuk-hp-15-dw3002ur-silver-2x2a4ea-100028439723/
100028440921;Ноутбуки страница 15;Ультрабук Honor MagicBook X14 NBR-WAI9 8+256GB Space Grey (53011TVN-001);https://sbermegamarket.ru/catalog/details/ultrabuk-honor-magicbook-x14-nbr-wai9-8256gb-space-grey-53011tvn-001-100028440921/
100028627618;Ноутбуки страница 15;Ноутбук Digma EVE 15 P418 ES5064EW (1476714);https://sbermegamarket.ru/catalog/details/noutbuk-digma-eve-15-p418-es5064ew-1476714-100028627618/
100028657057;Ноутбуки страница 15;Ноутбук Acer Extensa 15 EX215-52-368N Black (NX.EG8ER.01C);https://sbermegamarket.ru/catalog/details/noutbuk-acer-extensa-15-ex215-52-368n-black-nxeg8er01c-100028657057/
100028661981;Ноутбуки страница 15;Ноутбук Acer Aspire 1 A114-21-R0ME (NX.A7QER.00A);https://sbermegamarket.ru/catalog/details/noutbuk-acer-aspire-1-a114-21-r0me-nxa7qer00a-100028661981/
100028662006;Ноутбуки страница 15;Ноутбук Lenovo IdeaPad C340-14API (81N600EQRU);https://sbermegamarket.ru/catalog/details/noutbuk-lenovo-ideapad-c340-14api-81n600eqru-100028662006/
100028742956;Ноутбуки страница 16;Ноутбук Lenovo IdeaPad 1 11ADA05 Grey (82GV003TRK);https://sbermegamarket.ru/catalog/details/noutbuk-lenovo-ideapad-1-11ada05-grey-82gv003trk-100028742956/
100028742958;Ноутбуки страница 16;Ноутбук Lenovo IdeaPad 3 15ADA05 Grey (81W101CFRK);https://sbermegamarket.ru/catalog/details/noutbuk-lenovo-ideapad-3-15ada05-grey-81w101cfrk-100028742958/
100028919590;Ноутбуки страница 16;Ноутбук HP 15s-eq1322ur (3B2X0EA);https://sbermegamarket.ru/catalog/details/noutbuk-hp-15s-eq1322ur-3b2x0ea-100028919590/
100028919602;Ноутбуки страница 16;Ноутбук Lenovo V15 G2 ALC (82KD002HRU);https://sbermegamarket.ru/catalog/details/noutbuk-lenovo-v15-g2-alc-82kd002hru-100028919602/
100028934884;Ноутбуки страница 16;Ноутбук Huawei MateBook D 14 NbB-WAI9 8+256GB Space Grey (53011UXA);https://sbermegamarket.ru/catalog/details/noutbuk-huawei-matebook-d-14-nbb-wai9-8256gb-space-grey-53011uxa-100028934884/
100029015812;Ноутбуки страница 16;Ноутбук HP 15s-fq0082ur (3D4V8EA);https://sbermegamarket.ru/catalog/details/noutbuk-hp-15s-fq0082ur-3d4v8ea-100029015812/
100029030599;Ноутбуки страница 16;Игровой ноутбук MSI Pulse GL66 11UEK-207XRU Grey (9S7-158124-207);https://sbermegamarket.ru/catalog/details/igrovoy-noutbuk-msi-pulse-gl66-11uek-207xru-grey-9s7-158124-207-100029030599/
100029262180;Ноутбуки страница 16;Ноутбук DIGMA EVE 14 C424 Cel N3350 (ET4070EW);https://sbermegamarket.ru/catalog/details/noutbuk-digma-eve-14-c424-cel-n3350-et4070ew-100029262180/
100029262181;Ноутбуки страница 16;Ноутбук DIGMA EVE 15 C423 Cel N3350 (ES5069EW);https://sbermegamarket.ru/catalog/details/noutbuk-digma-eve-15-c423-cel-n3350-es5069ew-100029262181/
100029273456;Ноутбуки страница 16;Ноутбук Apple MacBook Pro13 M1/16Gb/256Gb Silver (Z11D0003C);https://sbermegamarket.ru/catalog/details/noutbuk-apple-macbook-pro13-m1-16gb-256gb-silver-z11d0003c-100029273456/
100029274362;Ноутбуки страница 16;Ноутбук Lenovo IdeaPad L3 15ITL6 Grey (82HL003KRU);https://sbermegamarket.ru/catalog/details/noutbuk-lenovo-ideapad-l3-15itl6-grey-82hl003kru-100029274362/
100029403958;Ноутбуки страница 16;Ноутбук HP 240 G8 (43W55EA);https://sbermegamarket.ru/catalog/details/noutbuk-hp-240-g8-43w55ea-100029403958/
100029532312;Ноутбуки страница 16;Ноутбук Huawei MateBook D 14 NbM-WDQ9 8+512GB Space Grey (53012RBJ);https://sbermegamarket.ru/catalog/details/noutbuk-huawei-matebook-d-14-nbm-wdq9-8512gb-space-grey-53012rbj-100029532312/
100029544859;Ноутбуки страница 16;Ноутбук Apple MacBook Pro 14 M1 Pro/16Gb/1Tb (MKGQ3RU/A);https://sbermegamarket.ru/catalog/details/noutbuk-apple-macbook-pro-14-m1-pro-16gb-1tb-mkgq3ru-a-100029544859/
100029544860;Ноутбуки страница 16;Ноутбук Apple MacBook Pro 14 M1 Pro/16Gb/512Gb (MKGP3RU/A);https://sbermegamarket.ru/catalog/details/noutbuk-apple-macbook-pro-14-m1-pro-16gb-512gb-mkgp3ru-a-100029544860/
100029551246;Ноутбуки страница 16;Ноутбук Acer Extensa EX215-54-37DE (NX.EGJER.00F);https://sbermegamarket.ru/catalog/details/noutbuk-acer-extensa-ex215-54-37de-nxegjer00f-100029551246/
100029670522;Ноутбуки страница 16;Ноутбук Acer Aspire 3 A315-35-C0T9 (NX.A6LER.001);https://sbermegamarket.ru/catalog/details/noutbuk-acer-aspire-3-a315-35-c0t9-nxa6ler001-100029670522/
100029699064;Ноутбуки страница 16;Ноутбук ASUS VivoBook 15 K513EA-L11123T (90NB0SG2-M16510), silver;https://sbermegamarket.ru/catalog/details/noutbuk-asus-vivobook-15-k513ea-l11123t-90nb0sg2-m16510-silver-100029699064/
100029766997;Ноутбуки страница 16;Ноутбук ASUS X515JF, Black (90NB0SW1-M04370);https://sbermegamarket.ru/catalog/details/noutbuk-asus-x515jf-black-90nb0sw1-m04370-100029766997/
100029989841;Ноутбуки страница 16;Ноутбук Acer Swift 1 SF114-34 Gold;https://sbermegamarket.ru/catalog/details/tri5-100029989841/
100029992266;Ноутбуки страница 16;Ноутбук Acer Aspire 3 A317-53-36TN Silver (NX.AD0ER.006);https://sbermegamarket.ru/catalog/details/noutbuk-acer-aspire-3-a317-53-36tn-silver-nxad0er006-100029992266/
100030019371;Ноутбуки страница 16;Ноутбук Lenovo IdeaPad 3 14ALC6 (82KT002YRK);https://sbermegamarket.ru/catalog/details/noutbuk-lenovo-ideapad-3-14alc6-82kt002yrk-100030019371/
100030019372;Ноутбуки страница 16;Ноутбук Lenovo V15 (82C500FPRU);https://sbermegamarket.ru/catalog/details/noutbuk-lenovo-v15-82c500fpru-100030019372/
100030019389;Ноутбуки страница 16;Ноутбук Dell Vostro 3515 (3515-5548);https://sbermegamarket.ru/catalog/details/noutbuk-dell-vostro-3515-3515-5548-100030019389/
100030019389;Ноутбуки страница 17;Ноутбук Dell Vostro 3515 (3515-5548);https://sbermegamarket.ru/catalog/details/noutbuk-dell-vostro-3515-3515-5548-100030019389/
100030020855;Ноутбуки страница 17;Ноутбук ASUS VivoBook 15 X513EA-BQ2370W Blue/Black;https://sbermegamarket.ru/catalog/details/noutbuk-asus-vivobook-15-x513ea-bq2370w-100030020855/
100030319534;Ноутбуки страница 17;Ноутбук HP Pavilion 15-eh1097ur Silver (5D5E0EA);https://sbermegamarket.ru/catalog/details/noutbuk-hp-pavilion-15-eh1097ur-silver-5d5e0ea-100030319534/
100030319544;Ноутбуки страница 17;Ноутбук HP 15s-eq 15s-eq2107ur Gray (5R9R6EA);https://sbermegamarket.ru/catalog/details/noutbuk-hp-15s-eq-15s-eq2107ur-gray-5r9r6ea-100030319544/
100030352047;Ноутбуки страница 17;Ультрабук ASUS Vivobook R465JA-EB1467W Silver (530868);https://sbermegamarket.ru/catalog/details/ultrabuk-asus-vivobook-r465ja-eb1467w-silver-530868-100030352047/
100030352056;Ноутбуки страница 17;Ультрабук HP Pavilion Aero 13-be0069ur Silver (601C0EA);https://sbermegamarket.ru/catalog/details/ultrabuk-hp-pavilion-aero-13-be0069ur-silver-601c0ea-100030352056/
100030532689;Ноутбуки страница 17;Ноутбук ASUS R565JF R565JF-BQ294T Silver (90NB0SW2-M05220);https://sbermegamarket.ru/catalog/details/noutbuk-asus-r565jf-r565jf-bq294t-silver-90nb0sw2-m05220-100030532689/
100030714810;Ноутбуки страница 17;Ноутбук ASUS VivoBook Pro 15 Black (90NB0UT2-M03060);https://sbermegamarket.ru/catalog/details/noutbuk-asus-vivobook-pro-15-black-90nb0ut2-m03060-100030714810/
100030714820;Ноутбуки страница 17;Ноутбук HP 15s-eq2135ur Silver (61S05EA);https://sbermegamarket.ru/catalog/details/noutbuk-hp-15s-eq2135ur-silver-61s05ea-100030714820/
100030714821;Ноутбуки страница 17;Ноутбук HP 15s-eq2136ur Gray (61R78EA);https://sbermegamarket.ru/catalog/details/noutbuk-hp-15s-eq2136ur-gray-61r78ea-100030714821/
100030988736;Ноутбуки страница 17;Ноутбук ASUS VivoBook Pro M3401QA-KM016W Blue (90NB0VZ2-M002T0);https://sbermegamarket.ru/catalog/details/noutbuk-asus-vivobook-pro-m3401qa-km016w-blue-90nb0vz2-m002t0-100030988736/
100030988756;Ноутбуки страница 17;Ноутбук Lenovo IdeaPad Gaming 3 15IHU6 Black (82K10011RK);https://sbermegamarket.ru/catalog/details/noutbuk-lenovo-ideapad-gaming-3-15ihu6-black-82k10011rk-100030988756/
100030991180;Ноутбуки страница 17;Ноутбук ASUS R565EA-EJ1076W(90NB0TY1-M25310) Grey (1000663324);https://sbermegamarket.ru/catalog/details/nb-asus-r565ea-ej1076w-100030991180/
100030991194;Ноутбуки страница 17;Ноутбук ASUS Vivobook R528EA-BQ2908 Black (531827);https://sbermegamarket.ru/catalog/details/noutbuk-asus-vivobook-r528ea-bq2908-black-531827-100030991194/
100030991217;Ноутбуки страница 17;Ноутбук ASUS VivoBook 15 OLED K513EA-L13048W (90NB0SG3-M00JE0);https://sbermegamarket.ru/catalog/details/noutbuk-asus-vivobook-15-oled-k513ea-l13048w-90nb0sg3-m00je0-100030991217/
100030991235;Ноутбуки страница 17;Ноутбук-трансформер Acer Spin 114-31 (NX.ABWER.003);https://sbermegamarket.ru/catalog/details/noutbuk-transformer-acer-spin-114-31-nxabwer003-100030991235/
100030991236;Ноутбуки страница 17;Ноутбук-трансформер Acer Spin 1 SP114-31 Silver (NX.ABGER.005);https://sbermegamarket.ru/catalog/details/noutbuk-transformer-acer-spin-1-sp114-31-silver-nxabger005-100030991236/
100031169741;Ноутбуки страница 17;Ультрабук Lenovo IdeaPad 1 14IGL05 Gray (81VU00H3RU);https://sbermegamarket.ru/catalog/details/ultrabuk-lenovo-ideapad-1-14igl05-gray-81vu00h3ru-100031169741/
100031169748;Ноутбуки страница 17;Ультрабук Huawei MateBook 14 KLVD-WFH9 Gray (53012PCH);https://sbermegamarket.ru/catalog/details/ultrabuk-huawei-matebook-14-klvd-wfh9-gray-53012pch-100031169748/
100031169756;Ноутбуки страница 17;Ноутбук Lenovo IdeaPad 3 15IGL05 Blue (1328283 );https://sbermegamarket.ru/catalog/details/noutbuk-lenovo-ideapad-3-15igl05-blue-1328283-100031169756/
100031169758;Ноутбуки страница 17;Игровой ноутбук HP Victus 16-e0145ur Silver (638F0EA);https://sbermegamarket.ru/catalog/details/igrovoy-noutbuk-hp-victus-16-e0145ur-silver-638f0ea-100031169758/
100031169766;Ноутбуки страница 17;Игровой ноутбук ASUS ROG Strix SCAR 17 G733QR-K4015T Black (1000611791);https://sbermegamarket.ru/catalog/details/igrovoy-noutbuk-asus-rog-strix-scar-17-g733qr-k4015t-black-1000611791-100031169766/
100031169769;Ноутбуки страница 17;Игровой ноутбук Haier GAMING GG1505AD Black (JT0095E06RU);https://sbermegamarket.ru/catalog/details/igrovoy-noutbuk-haier-gaming-gg1505ad-black-jt0095e06ru-100031169769/
100031249068;Ноутбуки страница 17;Ноутбук Lenovo IdeaPad L3 Gen 6 Gray (82HL0038RK);https://sbermegamarket.ru/catalog/details/noutbuk-lenovo-ideapad-l3-gen-6-gray-82hl0038rk-100031249068/
100031749164;Ноутбуки страница 18;Ноутбук Asus VivoBook 15 OLED K513EA-L13067 черный (531409);https://sbermegamarket.ru/catalog/details/noutbuk-asus-vivobook-15-oled-k513ea-l13067-chernyy-531409-100031749164/
100031805354;Ноутбуки страница 18;Ноутбук Lenovo IdeaPad 3 L3 15ITL6 82HL003CRK Grey;https://sbermegamarket.ru/catalog/details/noutbuk-lenovo-ideapad-3-l3-15itl6-82hl003crk-grey-100031805354/
100031805392;Ноутбуки страница 18;Игровой ноутбук MSI GF63 Thin11UC-225XRU 9S7-16R612-225 Black;https://sbermegamarket.ru/catalog/details/igrovoy-noutbuk-msi-gf63-thin11uc-225xru-9s7-16r612-225-black-100031805392/
100031805555;Ноутбуки страница 18;Ноутбук Asus TUF Gaming F15 FA506IC-HN042W (90NR0667-M008C0) Black;https://sbermegamarket.ru/catalog/details/noutbuk-asus-tuf-gaming-f15-fa506ic-hn042w-90nr0667-m008c0-black-100031805555/
100031805600;Ноутбуки страница 18;Ноутбук Lenovo IdeaPad 3 15IML05 81WB011RRK Grey;https://sbermegamarket.ru/catalog/details/noutbuk-lenovo-ideapad-3-15iml05-81wb011rrk-grey-100031805600/
100031805650;Ноутбуки страница 18;Ноутбук Asus TUF Gaming F17 FX706HEB-HX157W (90NR0714-M002R0) Black;https://sbermegamarket.ru/catalog/details/noutbuk-asus-tuf-gaming-f17-fx706heb-hx157w-90nr0714-m002r0-black-100031805650/
100031805683;Ноутбуки страница 18;Ноутбук Huawei MateBook D15 53012TLV Grey;https://sbermegamarket.ru/catalog/details/noutbuk-huawei-matebook-d15-53012tlv-grey-100031805683/
100031805693;Ноутбуки страница 18;Ноутбук Lenovo IdeaPad 3 L3 15ITL6 82HL0038RK Grey;https://sbermegamarket.ru/catalog/details/noutbuk-lenovo-ideapad-3-l3-15itl6-82hl0038rk-grey-100031805693/
100031805773;Ноутбуки страница 18;Ноутбук Asus Y1511CDA-BQ1239 90NB0T41-M20530 Grey;https://sbermegamarket.ru/catalog/details/noutbuk-asus-y1511cda-bq1239-90nb0t41-m20530-grey-100031805773/
100031805863;Ноутбуки страница 18;Ноутбук Dell Vostro 3515-5326 Black;https://sbermegamarket.ru/catalog/details/noutbuk-dell-vostro-3515-5326-black-100031805863/
100031805883;Ноутбуки страница 18;Ноутбук Lenovo IdeaPad L3 15ITL6 (82HL0036RK) Grey;https://sbermegamarket.ru/catalog/details/noutbuk-lenovo-ideapad-l3-15itl6-82hl0036rk-grey-100031805883/
100032004975;Ноутбуки страница 18;Ноутбук Acer Aspire 1 A114-33-P9R1 (NX.A7VER.00U);https://sbermegamarket.ru/catalog/details/noutbuk-acer-aspire-1-a114-33-p9r1-nxa7ver00u-100032004975/
100032038817;Ноутбуки страница 18;Ноутбук HP Omen 16-c0049ur (4E1S2EA) Silver;https://sbermegamarket.ru/catalog/details/igrovoy-noutbuk-hp-4e1s2ea-chernyy-4e1s2ea-100032038817/
100032097952;Ноутбуки страница 18;Ноутбук HP 15s-eq1138ur (22V11EA);https://sbermegamarket.ru/catalog/details/noutbuk-hp-15s-eq1138ur-22v11ea-100032097952/
100033042623;Ноутбуки страница 18;Ноутбук Irbis NB NB123 Grey (NB123);https://sbermegamarket.ru/catalog/details/noutbuk-irbis-nb-nb123-grey-nb123-100033042623/
100033230397;Ноутбуки страница 18;Игровой ноутбук MSI Prestige 15 A11UC-080 Grey (9S7-16S711-080);https://sbermegamarket.ru/catalog/details/igrovoy-noutbuk-msi-prestige-15-a11uc-080-grey-9s7-16s711-080-100033230397/
100034393804;Ноутбуки страница 18;"Ноутбук Irbis NB Grey (NB286 15.6"", Grey)";https://sbermegamarket.ru/catalog/details/noutbuk-irbis-nb-grey-nb286-156-grey-100034393804/
100036733384;Ноутбуки страница 18;Ноутбук HP 250 G8 Silver (32M37EA);https://sbermegamarket.ru/catalog/details/noutbuk-hp-250-g8-serebristyy-32m37ea-100036733384/
100043308808;Ноутбуки страница 18;Ноутбук MSI Stealth GS77 12UGS-251RU Black (9S7-17P112-251);https://sbermegamarket.ru/catalog/details/noutbuk-msi-stealth-gs77-12ugs-251ru-9s7-17p112-251-1730-2560x1440-100043308808/
100043954859;Ноутбуки страница 18;Ноутбук Lenovo ThinkBook 15 G2 ITL Grey (20VEA0NBRU);https://sbermegamarket.ru/catalog/details/noutbuk-lenovo-thinkbook-15-g2-itl-20vea0nbru-156-fhd-i3-1115g4-8gb-sold1slot-256gb-ssd-100043954859/
100044285762;Ноутбуки страница 18;Ноутбук Machenike S15 Star-15C Gaming черный (S15C-i512450H30504GF144LH00RU);https://sbermegamarket.ru/catalog/details/noutbuk-mcn-mcn-11-machenike-star-15c-gaming-i5-12450h-rtx3050-4g-16g1-100044285762/
100044573124;Ноутбуки страница 18;Ноутбук MSI Raider GE77HX 12UHS-232RU черный (9S7-17K514-232);https://sbermegamarket.ru/catalog/details/noutbuk-msi-raider-ge77hx-12uhs-232ru-chernyy-9s7-17k514-232-100044573124/
100044573148;Ноутбуки страница 18;Ноутбук ASUS Zenbook Pro Duo 15 OLED UX582HS-H2002X синий (90NB0V21-M000D0);https://sbermegamarket.ru/catalog/details/noutbuk-asus-zenbook-pro-duo-15-oled-ux582hs-h2002x-siniy-90nb0v21-m000d0-100044573148/
100044573152;Ноутбуки страница 18;Ноутбук ASUS VivoBook 17 R754EA-AU628W серебристый (90NB0TW1-M007X0);https://sbermegamarket.ru/catalog/details/noutbuk-asus-vivobook-17-r754ea-au628w-serebristyy-90nb0tw1-m007x0-100044573152/
100044621596;Ноутбуки страница 19;Ноутбук DIGMA EVE 15 C423 серый (21667);https://sbermegamarket.ru/catalog/details/noutbuk-digma-eve-15-c423-seryy-21667-100044621596/
100044621622;Ноутбуки страница 19;Ноутбук Infinix XL23 серый (T109859);https://sbermegamarket.ru/catalog/details/noutbuk-infinix-xl23-seryy-t109859-100044621622/
100044621625;Ноутбуки страница 19;Ноутбук Infinix XL23 серый (T109863);https://sbermegamarket.ru/catalog/details/noutbuk-infinix-xl23-seryy-t109863-100044621625/
100044621681;Ноутбуки страница 19;Ноутбук Lenovo IP3/I3-1011OU/1T/40/SHD/A/GY серый ();https://sbermegamarket.ru/catalog/details/noutbuk-lenovo-ip3-i3-1011ou-1t-40-shd-a-gy-seryy-100044621681/
100044621683;Ноутбуки страница 19;Ноутбук HP Victus 16-e1049ci синий (6M8B1EA);https://sbermegamarket.ru/catalog/details/noutbuk-hp-victus-16-e1049ci-siniy-6m8b1ea-100044621683/
100044621693;Ноутбуки страница 19;Ноутбук HP 15-dw1008ny серебристый (4C8L3EA);https://sbermegamarket.ru/catalog/details/noutbuk-hp-15-dw1008ny-serebristyy-4c8l3ea-100044621693/
100044621710;Ноутбуки страница 19;Ноутбук HP 15-dy2067ms серебристый (4W2K2UA);https://sbermegamarket.ru/catalog/details/noutbuk-hp-15-dy2067ms-serebristyy-4w2k2ua-100044621710/
100044621717;Ноутбуки страница 19;Ноутбук Huawei MateBook X Pro i7-1240P Space Gray (MRGF-X 53013GCR) (0);https://sbermegamarket.ru/catalog/details/noutbuk-huawei-matebook-x-pro-i7-1240p-space-gray-mrgf-x-53013gcr-0-100044621717/
100044621728;Ноутбуки страница 19;Ноутбук Lenovo IdeaPad 3 15IGL05 Black (81WQ007EUE);https://sbermegamarket.ru/catalog/details/noutbuk-lenovo-ideapad-3-15igl05-black-81wq007eue-100044621728/
100044621745;Ноутбуки страница 19;Ноутбук HP 15-dw1197nia черный (39A48EA);https://sbermegamarket.ru/catalog/details/noutbuk-hp-15-dw1197nia-chernyy-39a48ea-100044621745/
100044896535;Ноутбуки страница 19;Ноутбук MSI Vector GP66 12UGSO-671RU Black (9S7-154424-671);https://sbermegamarket.ru/catalog/details/noutbuk-msi-vector-gp66-12ugso-671ru-black-9s7-154424-671-100044896535/
100044896547;Ноутбуки страница 19;Ноутбук Asus VivoBook 14 F415EA-EB1271W Grey (90NB0TT2-M00BM0);https://sbermegamarket.ru/catalog/details/noutbuk-asus-vivobook-14-f415ea-eb1271w-grey-90nb0tt2-m00bm0-100044896547/
100044896682;Ноутбуки страница 19;Ноутбук HP 17-cp 17-cp0004ny Black (17-cp0004ny);https://sbermegamarket.ru/catalog/details/noutbuk-hp-17-cp-17-cp0004ny-black-17-cp0004ny-100044896682/
100044952204;Ноутбуки страница 19;Ноутбук Lenovo серый ();https://sbermegamarket.ru/catalog/details/lenovo-noutbuk-lenovo-82h80248rk-100044952204/
100044954845;Ноутбуки страница 19;Ноутбук MSI серый ();https://sbermegamarket.ru/catalog/details/noutbuk-msi-9s7-158414-695-100044954845/
100045185379;Ноутбуки страница 19;Ноутбук Lenovo Legion 5 15ACH6H (82JU018VRK) черный (82JU018VRK);https://sbermegamarket.ru/catalog/details/noutbuk-lenovo-legion-5-15ach6h-82ju018vrk-chernyy-82ju018vrk-100045185379/
100045185401;Ноутбуки страница 19;Ноутбук Lenovo V130-15IGM 81HL004FAK серый;https://sbermegamarket.ru/catalog/details/noutbuk-lenovo-v130-15igm-81hl004fak-seryy-100045185401/
100045194403;Ноутбуки страница 19;Ноутбук GIGABYTE серый (XE5-73RU944HP);https://sbermegamarket.ru/catalog/details/noutbuk-gigabyte-seryy-xe5-73ru944hp-100045194403/
100045197358;Ноутбуки страница 19;Ноутбук Lenovo ThinkPad X1 21CB006PRT черный (21CB006PRT);https://sbermegamarket.ru/catalog/details/noutbuk-lenovo-thinkpad-x1-21cb006prt-chernyy-21cb006prt-100045197358/
100045291522;Ноутбуки страница 19;Ноутбук Apple MacBook Air 13 (2022) M2 /16GB/256GB SSD (Z160000KQ);https://sbermegamarket.ru/catalog/details/i-nb-apple-macbook-air-13-m2-z160000kq-100045291522/
100045308528;Ноутбуки страница 19;Ноутбук MSI Prestige 16 Evo A12M-093RU Silver (9S7-159222-093);https://sbermegamarket.ru/catalog/details/msi-prestige-16-evo-a12m-093ru-9s7-159222-093-100045308528/
100045308536;Ноутбуки страница 19;Ноутбук ADATA XENIA 14 Black (XENIA14I5G11GXELX-BKCRU);https://sbermegamarket.ru/catalog/details/a-data-xenia-14-xenia14i5g11gxelx-bkcru-100045308536/
100045308572;Ноутбуки страница 19;Ноутбук GIGABYTE Aero 17 серебристый (XE5-73RU738HP);https://sbermegamarket.ru/catalog/details/gigabyte-aero-17-pro-b550m-p-gen3-100045308572/
100045315184;Ноутбуки страница 19;Ноутбук Maibenben X558 MAIBENBEN X558 Grey (X558FSJCLGRE0);https://sbermegamarket.ru/catalog/details/maibenben-x558fsjclgre0-x558fsjclgre0-100045315184/
